source,target,nonrsp_coef_mean,prp_coef_mean
Fos,Apoe,0.47106627,
Fos,Dusp1,0.25939286,0.059423517
Fos,Fosb,0.19497184,0.07858511
Fos,Actg2,0.17941718,0.058037948
Fos,Junb,0.15790744,0.06394253
Fos,Jun,0.15733933,0.112068355
Fos,Gadd45g,0.15336601,0.04156542
Fos,Gadd45b,0.14737846,0.062423594
Fos,Fxyd5,-0.14719443,-0.06599249
Fos,Fabp4,0.13993225,
Fos,Egr1,0.13900697,0.075475976
Fos,Fn1,-0.12978685,
Fos,Cald1,-0.12907746,
Fos,Ccdc3,-0.124741636,0.04872516
Fos,Ppp1r14a,0.12323356,0.06441833
Fos,Rgs5,0.11850398,
Fos,Rasl11a,0.100088134,
Fos,2210407C18Rik,0.09549003,0.10545986
Fos,Atf3,0.09328151,0.054046348
Fos,Wif1,0.09217196,
Fos,Col15a1,-0.09189337,0.07044501
Fos,Slc38a2,0.0885791,
Fos,Ier3,0.08759866,0.041746434
Fos,Tmsb10,-0.086504735,
Fos,Myh10,-0.08649251,
Fos,Rasl11b,0.08549267,
Fos,Itih4,0.08402302,0.049739566
Fos,Cidea,0.08353361,
Fos,Tes,0.08248414,
Fos,Mfap4,0.081185706,0.06685881
Fos,Nfkbia,0.080096595,0.054215252
Fos,Sh3bgr,0.07745921,0.062420685
Fos,Lgals3,-0.07508033,
Fos,Rbp4,0.071334206,
Fos,Cped1,-0.06982239,
Fos,S100a4,-0.06977002,
Fos,Mgp,-0.06878923,
Fos,Dkk3,-0.06675234,
Fos,Rarres2,0.066166505,
Fos,Cd109,-0.06614034,
Fos,Meg3,-0.065480836,
Fos,Plod2,-0.06421641,
Fos,Tnfrsf12a,-0.063597895,
Fos,Casq1,0.06259368,
Fos,Id1,0.05943864,
Fos,Tinagl1,0.05727381,
Fos,Sat1,0.05725943,
Fos,Htra3,0.056724552,
Fos,Fgl2,-0.056672156,
Fos,Hsph1,0.05546172,
Fos,Anxa1,-0.054760188,
Fos,Itgbl1,-0.053876594,
Fos,Hspa1a,-0.053039063,
Fos,Arl4a,-0.052938543,
Fos,Sulf1,-0.052204054,
Fos,Cebpd,0.05195467,
Fos,Dhrs3,0.05168359,
Fos,Prex2,-0.051321123,
Fos,Asb2,0.051054608,
Fos,Gem,0.05041706,
Fos,Nupr1,-0.04999832,
Fos,Plcb4,-0.049609866,
Fos,Optc,0.04941216,
Fos,Tagln,0.04916995,0.05943528
Fos,Lars2,-0.0490859,
Fos,Fbxl22,0.048824184,
Fos,Adamts1,0.048722465,
Fos,Ubc,0.048389338,
Fos,Ifitm3,0.048321147,
Fos,Haus8,0.04831847,
Fos,Ccdc80,-0.047899943,
Fos,Tubb4b,0.047450785,
Fos,Carmn,-0.04716797,
Fos,Ier2,0.04677006,
Fos,Ckb,0.04618277,0.040541146
Fos,Lmcd1,-0.046017446,
Fos,Gata6,0.045504548,
Fos,Des,0.045452103,
Fos,Nrtn,-0.04531772,
Fos,Csrp1,0.04517072,
Fos,Sncg,-0.044986915,
Fos,Acan,-0.04455583,
Fos,Crip1,0.044388834,
Fos,Gucy1b1,0.04433223,
Fos,Tuba1a,0.044175316,
Fos,1190005I06Rik,0.044139773,
Fos,Sgk1,0.043435387,
Fos,Crlf1,-0.043381993,
Fos,Ramp1,-0.04325852,
Fos,Hes1,0.043208327,
Fos,Timp3,-0.04300275,
Fos,Prpf4b,-0.04158425,
Fos,Atf5,0.041548226,-0.04203612
Fos,Col3a1,-0.041398976,
Fos,Tbxa2r,0.041327003,
Fos,Synpo2,0.041186966,
Fos,Ankrd12,-0.04113799,
Fos,Col6a3,-0.040999606,
Fos,Plat,-0.040769838,
Fos,Crtc3,-0.04041879,
Fos,Id2,0.040057197,
Fos,Lbh,-0.0399073,
Fos,Cryab,0.03983556,
Fos,Rspo3,-0.039615612,
Fos,Tuba1b,0.039596748,
Fos,Myl9,0.03953751,
Fos,Lmo4,0.039521582,
Fos,Kazald1,-0.03935548,
Fos,Osr1,0.03909251,
Fos,Id3,0.038706206,
Fos,Ank,-0.038534697,
Fos,Nr4a1,0.038406674,
Fos,Hbegf,-0.037699763,
Fos,Nkd1,0.037643574,
Fos,Atp1b1,-0.03740119,
Fos,Unc119,0.037077297,
Fos,Serpinb6b,-0.036840264,
Fos,Col5a1,-0.036514767,
Fos,Cdo1,-0.03629711,
Fos,Col14a1,-0.03628356,
Fos,Smad6,0.036197748,
Fos,Fas,0.035897315,
Fos,4631405J19Rik,0.03561025,
Fos,Adm,0.035443284,
Fos,Cdkn1a,-0.035339266,-0.06934693
Fos,Tubb5,0.034869265,
Fos,Mef2c,-0.034377012,
Fos,H3f3b,0.03377094,
Fos,Clu,-0.033660438,-0.04678628
Fos,Myoz2,0.03349387,
Fos,Ttc28,0.03348243,
Fos,Wnt16,-0.03327804,
Fos,Bax,,-0.122108325
Fos,Phlda3,,-0.091620915
Fos,Vmp1,,-0.08562991
Fos,Cldn3,,-0.069466695
Fos,Timp1,,-0.061298184
Fos,Cxcl12,,-0.060335718
Fos,Bdh2,,-0.057657402
Fos,Esm1,,0.052841187
Fos,Lox,,0.049704384
Fos,Smoc2,,-0.04863113
Fos,Tpm4,,-0.042722397
Fos,Eln,,0.041748498
Fos,S100a10,,-0.041295268
Fos,Dcxr,,-0.040320307
Foxs1,Tcap,-0.30255046,
Foxs1,Col15a1,0.100289695,0.08611238
Foxs1,S100a4,0.095113695,0.1543432
Foxs1,Tnfrsf12a,0.09442955,0.07130564
Foxs1,Fbxl22,-0.08921033,
Foxs1,Ogn,-0.07818731,
Foxs1,Prss23,0.07752674,0.04395446
Foxs1,Lmcd1,0.0737821,
Foxs1,Dbp,-0.06946787,
Foxs1,S100a10,0.06877542,0.08291921
Foxs1,Eln,0.06868019,0.06020038
Foxs1,Anxa2,0.06305737,0.071283266
Foxs1,Ppp1r14a,-0.059684634,0.08075365
Foxs1,Id1,0.058261737,0.052334297
Foxs1,Anxa1,0.058201212,
Foxs1,Col1a1,0.056543548,0.054826647
Foxs1,Nupr1,0.05499516,0.04045586
Foxs1,Stbd1,-0.05234764,
Foxs1,Tppp3,0.05230377,
Foxs1,Rgs4,0.05075447,
Foxs1,Sparc,0.05063875,0.04146285
Foxs1,Itga5,0.04811533,
Foxs1,Lrrc17,-0.04710383,
Foxs1,Smim5,-0.046397578,
Foxs1,Wif1,0.046019584,
Foxs1,Acan,0.044773422,0.10630001
Foxs1,Gucy1a1,-0.044421893,
Foxs1,Hbegf,0.04076953,0.075330384
Foxs1,Hsp90aa1,0.039581362,
Foxs1,Map2k3,0.039558254,
Foxs1,Postn,0.039521743,
Foxs1,Col5a2,0.038795922,
Foxs1,Msrb1,-0.03827553,0.08406137
Foxs1,Serpine1,0.037693363,0.0411824
Foxs1,Fn1,0.037322167,
Foxs1,Plod2,0.035530705,
Foxs1,1190005I06Rik,-0.03527201,
Foxs1,Ier3,-0.034261756,
Foxs1,Cd109,0.034168787,0.047294457
Foxs1,Islr,0.03415091,
Foxs1,Fbxo32,-0.034123685,
Foxs1,Ifitm3,-0.03399498,
Foxs1,Ank,0.033870067,
Foxs1,Fos,-0.033841126,
Foxs1,Atf3,-0.0336429,
Foxs1,Bik,0.033520326,
Foxs1,Lum,,-0.24204776
Foxs1,Mt1,,-0.15319264
Foxs1,Tubb4b,,0.12083251
Foxs1,Cp,,-0.11686535
Foxs1,Actg2,,0.11250687
Foxs1,Clu,,-0.10479618
Foxs1,Csrp1,,0.097621486
Foxs1,Tuba1a,,0.092344925
Foxs1,Tagln,,0.09104497
Foxs1,Mt2,,-0.08841702
Foxs1,Tmsb10,,0.08816848
Foxs1,Nes,,0.08481003
Foxs1,Nme1,,0.082665145
Foxs1,Ckb,,0.080060735
Foxs1,Cav1,,0.078403436
Foxs1,Tubb6,,0.07700824
Foxs1,Cd59a,,0.07597393
Foxs1,Crip1,,0.07511646
Foxs1,Sat1,,0.07324792
Foxs1,Ckap4,,0.07102556
Foxs1,Timp2,,0.070698
Foxs1,Ppic,,0.06890699
Foxs1,Cebpd,,-0.06834279
Foxs1,Ctsh,,0.06695874
Foxs1,Csrp2,,0.06663878
Foxs1,Myl9,,0.06550919
Foxs1,Pcolce2,,0.06488688
Foxs1,Ramp1,,0.06319413
Foxs1,Tpm4,,0.06318106
Foxs1,Anxa3,,0.062750325
Foxs1,Sh3bgr,,0.061420284
Foxs1,Cryab,,0.060265474
Foxs1,Cst3,,0.059070714
Foxs1,Vim,,0.05823929
Foxs1,Mfap4,,0.05786866
Foxs1,Fkbp11,,0.05705182
Foxs1,Cxcl12,,-0.056981735
Foxs1,Nhp2,,0.05692735
Foxs1,Phlda3,,0.056048974
Foxs1,Hsp90b1,,0.05599332
Foxs1,Cfh,,-0.055251
Foxs1,Tubb2a,,0.05455643
Foxs1,Por,,0.052890807
Foxs1,Lgals3,,0.052264076
Foxs1,Atf5,,0.051942237
Foxs1,Fdps,,0.050678544
Foxs1,Pi15,,-0.049927004
Foxs1,Tuba1b,,0.049912635
Foxs1,Esm1,,0.049900644
Foxs1,Tubb5,,0.048007835
Foxs1,Sost,,0.047571603
Foxs1,Glipr1,,0.046849355
Foxs1,Manf,,0.04648206
Foxs1,Gm13889,,0.04595225
Foxs1,Net1,,-0.04594389
Foxs1,Sfrp2,,-0.045595836
Foxs1,Frzb,,-0.045256738
Foxs1,Dcn,,-0.043621305
Foxs1,Crlf1,,0.04323
Foxs1,Malat1,,-0.04319599
Foxs1,4631405J19Rik,,0.04260372
Foxs1,Jpt1,,0.04248956
Foxs1,Hspa8,,0.042401724
Foxs1,Serpinb6b,,0.041732818
Foxs1,Srm,,0.041611634
Foxs1,Prdx5,,0.041497286
Foxs1,Tpm1,,0.040974364
Foxs1,Smoc2,,-0.040821996
Foxs1,Selp,,-0.040497087
Foxs1,Msn,,0.04049537
Nr4a1,Atf3,0.26201224,0.06961654
Nr4a1,Egr1,0.1027427,
Nr4a1,Dusp1,0.093201905,
Nr4a1,Jun,-0.09314765,
Nr4a1,Fn1,-0.09305111,
Nr4a1,Col15a1,-0.09226508,
Nr4a1,Fxyd5,-0.090997495,-0.06586227
Nr4a1,Lgals3,-0.08614505,
Nr4a1,Tcap,0.07713116,0.07473344
Nr4a1,Fos,0.061561458,
Nr4a1,Cebpb,0.056089662,
Nr4a1,Postn,-0.055904537,
Nr4a1,Csrnp1,0.053998012,
Nr4a1,Prss23,-0.053730994,
Nr4a1,Anxa1,-0.053579256,
Nr4a1,Cd109,-0.053203307,
Nr4a1,Ier2,0.053022154,
Nr4a1,Ubc,0.052799,
Nr4a1,Rhob,0.051200993,
Nr4a1,Aqp1,-0.05044564,
Nr4a1,Ppp1r12a,0.050205797,
Nr4a1,Timp4,0.049684282,
Nr4a1,Sgk1,0.04952302,
Nr4a1,Plec,-0.0489191,
Nr4a1,Timp3,-0.048513245,
Nr4a1,Txnip,-0.04847713,
Nr4a1,Sqstm1,0.046840005,
Nr4a1,Rtn4,-0.046332948,
Nr4a1,Gstm1,0.04622498,
Nr4a1,Pde4b,0.045318652,
Nr4a1,Art3,0.044859674,
Nr4a1,Klf6,0.044711296,
Nr4a1,Serpinb6b,-0.044451635,
Nr4a1,Ckb,0.04319576,0.055707354
Nr4a1,Msn,-0.042133775,
Nr4a1,Olfr1033,-0.041760053,
Nr4a1,Jund,-0.04028675,
Nr4a1,Col6a3,-0.038968913,
Nr4a1,Gxylt2,-0.038520254,
Nr4a1,Lox,-0.03807543,
Nr4a1,Klf2,-0.038030177,
Nr4a1,Ifrd1,0.03795765,
Nr4a1,Timp2,-0.03765651,
Nr4a1,Fbxl22,0.036941785,
Nr4a1,Mustn1,-0.03673227,
Nr4a1,Col5a2,-0.036251213,
Nr4a1,Smarcd3,0.036203522,
Nr4a1,Ccnl1,0.03573097,
Nr4a1,Col3a1,-0.035591934,
Nr4a1,Anxa2,-0.034987785,
Nr4a1,Junb,0.03446875,
Nr4a1,Pkp4,-0.034055736,
Nr4a1,Sertad1,0.034054577,
Nr4a1,Itgbl1,-0.033137865,
Nr4a1,Spp1,,0.12190635
Nr4a1,Actg2,,0.08899643
Nr4a1,Gpx7,,0.07698557
Nr4a1,Lcn2,,0.07397012
Nr4a1,Sh3bgr,,0.0696846
Nr4a1,Ppp1r14a,,0.068948954
Nr4a1,Timp1,,0.056686074
Nr4a1,Lum,,0.05496312
Nr4a1,Msrb1,,0.05426985
Nr4a1,Col1a1,,0.053462207
Nr4a1,Mt1,,0.0531214
Nr4a1,Vcam1,,0.04528395
Nr4a1,Fbln2,,0.045167293
Nr4a1,Csrp1,,0.045152027
Nr4a1,Crip1,,0.043742
Nr4a1,Gja1,,0.042451564
Atf3,Hspa1a,0.2085129,0.089647315
Atf3,Actg2,0.18089649,0.063489474
Atf3,Nr4a1,0.16890892,0.043935183
Atf3,Itih4,0.12101813,
Atf3,Filip1l,0.11080154,
Atf3,Dusp1,0.10866701,0.047094215
Atf3,Des,0.09964057,
Atf3,Art3,0.095424734,
Atf3,Lmcd1,0.09231169,
Atf3,Hspa8,0.09073772,
Atf3,Tmx4,-0.08813118,
Atf3,Gstm2,0.084376186,
Atf3,S100a10,-0.0842698,
Atf3,Hspa1b,0.084252305,0.047939472
Atf3,Hsp90aa1,0.08303954,
Atf3,Sertad1,0.081446454,
Atf3,Arid5b,0.08101177,
Atf3,Tnfrsf12a,0.07843711,
Atf3,Sgk1,0.07747635,
Atf3,Meg3,0.076531544,
Atf3,Msrb1,0.075831726,
Atf3,Tinagl1,0.075050116,
Atf3,Tsc22d1,-0.07308257,
Atf3,Nrtn,0.07229784,
Atf3,Bambi,0.07102343,
Atf3,Ogn,-0.07091279,
Atf3,Hspb1,0.07038937,
Atf3,Jund,0.070316404,
Atf3,Rasl11b,0.06661881,
Atf3,Klf2,0.065298,
Atf3,Ubc,0.064223826,
Atf3,Dnajb4,0.0638941,
Atf3,Pdlim4,-0.063870244,
Atf3,Arl6ip1,-0.06379221,
Atf3,Ifrd1,0.06303817,
Atf3,Ier3,0.06284408,0.06453406
Atf3,Ccdc3,-0.06168177,
Atf3,Gadd45b,0.06123653,0.051490277
Atf3,Fos,0.061097782,0.069352746
Atf3,Txnip,-0.05910231,
Atf3,Lgals3,-0.058169365,
Atf3,Rhob,0.058052793,
Atf3,Nupr1,-0.057718422,
Atf3,Mgp,-0.05742926,
Atf3,Rtn4,-0.057030715,
Atf3,St5,-0.057004407,
Atf3,Crlf1,-0.055967405,
Atf3,Abra,0.05495159,
Atf3,Fxyd5,-0.054322865,-0.08767275
Atf3,Gas6,-0.054188058,
Atf3,Dusp8,0.05389059,
Atf3,Ier5,0.053532716,
Atf3,Fmo2,-0.053067237,-0.1937023
Atf3,Cd200,-0.052836265,-0.048872095
Atf3,Csrp1,0.052630976,
Atf3,2210407C18Rik,-0.05213322,0.055922985
Atf3,Btg2,-0.051683232,
Atf3,Lars2,0.051476873,
Atf3,Klf9,0.0501368,
Atf3,Ppp1r14b,-0.049853235,-0.04492896
Atf3,Ppp1r14a,0.049584277,0.04191681
Atf3,Ltbp4,-0.049100775,
Atf3,Pou3f1,-0.048245892,
Atf3,Tubb2a,0.047822613,
Atf3,Zfp36l2,-0.047639024,
Atf3,Tob2,-0.04750493,
Atf3,Col5a1,-0.04581127,
Atf3,Apoe,0.045668263,
Atf3,Net1,0.045661412,
Atf3,Ftl1,0.045269184,
Atf3,Atf4,0.044675242,
Atf3,Cav1,-0.04424314,
Atf3,Anxa2,-0.044033572,
Atf3,Cd59a,0.043976948,
Atf3,Hbegf,0.043558776,
Atf3,Sncg,-0.04354431,
Atf3,Gxylt2,-0.043543745,
Atf3,Acan,-0.043283794,-0.054912083
Atf3,Nkx6-1,0.04307688,
Atf3,Ccnl1,0.042155623,
Atf3,Fabp3,0.041975345,
Atf3,Malat1,-0.041710015,-0.045705225
Atf3,Klf6,0.04101109,
Atf3,Jun,-0.040853493,
Atf3,Klf4,0.04085244,
Atf3,Pcolce2,-0.0406811,-0.046029527
Atf3,Adamts1,0.04064413,
Atf3,Csrnp1,0.040357757,
Atf3,Fbxo32,-0.040346414,
Atf3,Hspd1,0.039236035,
Atf3,Ckap4,0.038968578,
Atf3,Lox,-0.03828935,
Atf3,Fn1,-0.038191266,
Atf3,Itpk1,0.037727695,
Atf3,Lrrc17,-0.0375744,
Atf3,Prss23,-0.037548903,
Atf3,Fbxo30,0.037341982,
Atf3,Capg,-0.037281256,
Atf3,Rarres2,0.037241835,0.05553305
Atf3,Ckb,0.037233572,0.05886136
Atf3,Pcp4l1,0.036830142,0.051861193
Atf3,Myh10,-0.036570776,
Atf3,Ank2,-0.036566265,
Atf3,Mustn1,-0.035888825,
Atf3,Crip1,0.03583268,
Atf3,Pkdcc,0.035469454,
Atf3,Fgfrl1,-0.035345238,
Atf3,Sulf1,-0.03514948,
Atf3,Aqp1,-0.03511906,
Atf3,Prex2,-0.035000995,
Atf3,Abi3bp,-0.034839176,
Atf3,Haus8,0.034395855,
Atf3,Eln,0.0341801,
Atf3,Twist1,-0.03404202,
Atf3,Id2,-0.03387929,
Atf3,Ppic,-0.033703253,-0.074765384
Atf3,Hsph1,0.033197917,
Atf3,Plpp3,,-0.077312894
Atf3,Bax,,-0.07266366
Atf3,Smoc2,,-0.06959604
Atf3,Egr1,,0.057744242
Atf3,Phlda3,,-0.05629269
Atf3,Bdh2,,-0.055662386
Atf3,Bst2,,-0.051196516
Atf3,Sh3bgr,,0.050630227
Atf3,Cxcl12,,-0.05010242
Atf3,Col5a2,,-0.04965714
Atf3,Ier2,,0.044396654
Atf3,Mt1,,0.042874116
Atf3,Fst,,-0.042310268
Scx,Fxyd5,0.25192273,
Scx,Gm13889,0.21176012,
Scx,Actg2,0.15633553,0.111829095
Scx,Sfrp2,-0.13162023,
Scx,Hspb1,0.12454966,
Scx,Sost,-0.11950351,
Scx,Col6a3,0.11046807,0.042904507
Scx,Sncg,0.10965272,0.05000674
Scx,Fibin,-0.1085445,
Scx,Htra3,0.10533348,
Scx,Timp2,0.09901983,0.08654577
Scx,Anxa3,0.098730706,
Scx,Csrp1,0.09656687,0.06949396
Scx,Timp1,0.094698936,0.2257694
Scx,Id1,-0.08873719,
Scx,Col5a2,0.08233115,0.10343326
Scx,Vwa1,0.08169994,0.05628152
Scx,Hspa1a,0.08018843,
Scx,Cryab,0.07974528,0.04895263
Scx,Tubb4b,0.07775713,
Scx,Tinagl1,0.07749827,
Scx,Mustn1,0.07519578,0.09252836
Scx,Hbegf,0.07493862,
Scx,Ifitm3,0.074708246,0.05696919
Scx,Tppp3,-0.072320625,
Scx,Ftl1,0.06940094,0.044848043
Scx,Ppp1r12a,-0.06767534,
Scx,Ctsh,0.066353686,0.06853388
Scx,Mfap4,0.06423667,
Scx,E030013I19Rik,-0.06388123,
Scx,Gucy1a1,-0.06345625,
Scx,Limch1,-0.0633551,
Scx,Ltbp4,-0.06269347,
Scx,Prss23,0.061795775,-0.059898343
Scx,Eln,0.059155945,0.08926239
Scx,Ankrd1,0.057520296,
Scx,Emb,-0.057299547,
Scx,Mt1,-0.056723636,
Scx,Ctsl,0.056687612,0.09854173
Scx,Tnfrsf11b,0.056177758,
Scx,Crtc3,-0.05500848,
Scx,Hspa2,-0.05494959,
Scx,Palld,0.05367697,
Scx,Msn,0.053345185,
Scx,Junb,0.05216018,
Scx,Nes,0.05189444,
Scx,Tubb5,0.050344817,
Scx,Col1a2,0.046819054,0.082555644
Scx,Cdkn1a,0.046792362,0.04914897
Scx,Cdo1,0.046750132,
Scx,Arid5b,0.04623379,
Scx,Itga5,0.04613325,
Scx,Tnfrsf12a,0.04544116,
Scx,Col5a1,0.04528952,
Scx,Filip1l,-0.04487583,
Scx,Sparc,0.044765282,0.056751274
Scx,Txnip,-0.043996986,
Scx,Ecm2,-0.043546382,
Scx,4631405J19Rik,-0.04287913,
Scx,Sulf1,0.04215658,0.05537661
Scx,Dusp1,0.042149603,
Scx,Dbp,0.040126827,
Scx,Cd59a,0.039807644,
Scx,Cped1,-0.03965211,-0.049604025
Scx,Sh3bgr,-0.039652035,
Scx,Vcam1,0.039441723,0.12280166
Scx,Plaur,0.039048765,
Scx,Ramp1,-0.039013144,0.06661873
Scx,Pdzrn4,-0.03860862,
Scx,Sqstm1,-0.03786539,
Scx,Rtn4,0.037738245,
Scx,Osr1,-0.037726443,
Scx,Nkd1,-0.03701411,
Scx,Cdc42ep3,-0.036892943,
Scx,Dsp,-0.03622206,
Scx,Prdx5,0.03620057,0.04669334
Scx,Ccdc80,0.03571089,0.055092048
Scx,Fosb,-0.035613645,
Scx,Hspa1b,0.035086427,
Scx,Sdc4,0.03496205,
Scx,Tsc22d1,-0.03451752,
Scx,Thra,-0.033824995,
Scx,Serpine1,0.033468753,
Scx,Thbs1,,0.16529639
Scx,Lcn2,,0.14500268
Scx,Lum,,0.13567197
Scx,Cldn3,,0.10965825
Scx,Tagln,,0.101624504
Scx,Lmcd1,,0.07476605
Scx,Ppp1r14a,,0.069763795
Scx,Myl9,,0.069105506
Scx,Glipr1,,0.05719674
Scx,Lbh,,0.053541914
Scx,Hsp90b1,,0.051052414
Scx,Csrp2,,0.046872523
Scx,Tgfb2,,0.044176582
Scx,Foxp1,,0.042921793
Foxm1,Tcap,0.22229977,
Foxm1,Dbp,0.08582775,
Foxm1,Gm13889,-0.048568394,
Foxm1,Id2,0.04316806,
Foxm1,Cfh,0.041634724,
Foxm1,Sat1,0.039662126,
Foxm1,Ier2,0.03958796,
Foxm1,Sparcl1,0.037109833,
Foxm1,Fos,-0.03706946,
Foxm1,Itgbl1,0.0335285,
Foxm1,Stmn1,,0.1665152
Foxm1,Selenoh,,0.16499951
Foxm1,H2afz,,0.13184905
Foxm1,Malat1,,-0.09369598
Foxm1,Pi15,,-0.081853665
Foxm1,Lum,,-0.072400995
Foxm1,Lmcd1,,-0.06845421
Foxm1,Tubb4b,,0.06689369
Foxm1,Mustn1,,-0.06646317
Foxm1,Hsp90b1,,0.064734645
Foxm1,Cenpm,,0.0642169
Foxm1,Tagln,,-0.0642127
Foxm1,Tnfrsf11b,,0.063727476
Foxm1,Cd59a,,-0.063572235
Foxm1,Ckap4,,0.062152356
Foxm1,Cp,,-0.06178753
Foxm1,Cdkn3,,0.061162926
Foxm1,Fmo3,,-0.05762243
Foxm1,Ddx39,,0.05755262
Foxm1,Cdca3,,0.05531576
Foxm1,Lgals3,,-0.05475911
Foxm1,S100a10,,0.048065484
Foxm1,Bdh2,,0.047846828
Foxm1,Timp1,,0.04684405
Foxm1,Mmp14,,0.04517701
Foxm1,Cenpe,,0.04262875
Foxm1,Sost,,0.04031233
Fosl1,Actg2,-0.21690375,-0.10308847
Fosl1,Cd200,-0.10128431,-0.049047504
Fosl1,Gm13889,0.099245206,
Fosl1,Rbp4,0.09358508,
Fosl1,Apoe,-0.08293623,
Fosl1,Hbegf,0.07750097,0.11383469
Fosl1,Lgals3,0.076854266,
Fosl1,Des,0.07630672,
Fosl1,Ppp1r14b,0.076066494,0.11524174
Fosl1,Itih4,-0.07411872,
Fosl1,Fabp4,0.06351583,
Fosl1,Mfap4,-0.062853575,
Fosl1,Clu,-0.06270015,-0.07222574
Fosl1,Plaur,0.061711144,0.11623372
Fosl1,Nrtn,-0.061182175,
Fosl1,Filip1l,-0.0577728,
Fosl1,Cav1,0.055540714,
Fosl1,Anxa1,0.055487525,
Fosl1,Fos,-0.055473365,-0.043570954
Fosl1,Tubb2a,0.054828998,
Fosl1,Itga5,0.051748183,
Fosl1,Tubb6,0.051421292,
Fosl1,Nme1,0.0510396,0.08875691
Fosl1,Sfrp2,-0.05061403,-0.073274456
Fosl1,Dusp1,-0.050552446,
Fosl1,Aqp1,0.050324887,
Fosl1,Mustn1,-0.05003246,-0.09100659
Fosl1,Tubb4b,0.04991801,
Fosl1,Anxa2,0.049737856,0.04536336
Fosl1,Cdkn1a,0.048788063,0.078654446
Fosl1,Tuba1c,0.048458695,0.048235983
Fosl1,Hspa2,-0.04800372,
Fosl1,Tcap,0.04679995,
Fosl1,Ifrd1,0.044547807,0.056770205
Fosl1,Nfkbia,0.04427981,
Fosl1,Gja1,0.042817865,-0.051085223
Fosl1,Inhba,0.04151997,0.07166102
Fosl1,Fbxo30,-0.041496575,
Fosl1,Pla2g4a,0.041389536,0.048195943
Fosl1,Myh10,-0.04096807,-0.06026852
Fosl1,Rtn4,0.04058093,0.050913405
Fosl1,Arl4a,-0.039764676,
Fosl1,Rhob,-0.039702512,
Fosl1,Meg3,0.03967987,-0.04297073
Fosl1,Gadd45b,0.03934187,
Fosl1,Pnrc1,0.03921611,
Fosl1,Map3k7cl,-0.03822798,
Fosl1,Srm,0.037695676,0.04705541
Fosl1,Ckap4,0.03746097,
Fosl1,Ccnl1,0.037058134,
Fosl1,Msn,0.03701451,
Fosl1,Rasl11a,-0.036324494,
Fosl1,Ier5,0.03577659,
Fosl1,Npy1r,-0.0355261,-0.04262229
Fosl1,Slc38a2,-0.035374917,
Fosl1,Prss23,0.035183977,
Fosl1,Serping1,-0.03497038,-0.1413182
Fosl1,Klf2,-0.03494541,
Fosl1,Sgk1,0.03491694,
Fosl1,Rcan1,0.03439374,
Fosl1,Adcy5,-0.034371544,
Fosl1,Col6a3,0.034251254,
Fosl1,Klf4,0.033535596,
Fosl1,Myom1,-0.03324497,
Fosl1,Spp1,,-0.67996025
Fosl1,Esm1,,0.16942687
Fosl1,Cp,,-0.15616295
Fosl1,Col3a1,,-0.12701944
Fosl1,S100a10,,0.11818385
Fosl1,Ckb,,-0.10187028
Fosl1,Scx,,-0.09764134
Fosl1,Cryab,,0.09570826
Fosl1,Myl9,,-0.093804546
Fosl1,Tpm4,,-0.08349734
Fosl1,Hsp90aa1,,0.0820839
Fosl1,Timp1,,-0.08047252
Fosl1,Hspd1,,0.079137966
Fosl1,Manf,,0.078712255
Fosl1,Prelp,,-0.07756726
Fosl1,Ptgs2,,0.0748648
Fosl1,Mgp,,-0.07249383
Fosl1,Postn,,-0.07146431
Fosl1,Timp2,,-0.06777017
Fosl1,Col5a2,,-0.066618405
Fosl1,Eln,,-0.06479994
Fosl1,Crip1,,-0.06258661
Fosl1,Dnajb9,,0.062232155
Fosl1,Csrp1,,-0.061795298
Fosl1,Sncg,,-0.06172676
Fosl1,H3f3b,,0.060708985
Fosl1,Id3,,-0.060459375
Fosl1,Tagln,,-0.060153004
Fosl1,Glrx,,0.059707228
Fosl1,Sh3bgr,,-0.05682677
Fosl1,Ddx39,,0.056466717
Fosl1,Htra3,,-0.05536764
Fosl1,Emp1,,0.055355847
Fosl1,Sparc,,-0.05477385
Fosl1,Myh11,,-0.054367032
Fosl1,Map2k3,,0.05396567
Fosl1,Snhg1,,0.05363579
Fosl1,Tinagl1,,0.052887134
Fosl1,Jpt1,,0.051260624
Fosl1,Vcam1,,-0.050292872
Fosl1,Tnfrsf12a,,0.050073724
Fosl1,Csrp2,,-0.049980767
Fosl1,Vmp1,,0.049527146
Fosl1,Ifitm3,,-0.048886213
Fosl1,Fgf2,,0.046524536
Fosl1,Errfi1,,0.045890544
Fosl1,Cebpd,,-0.04570087
Fosl1,Sgms2,,0.042892117
Fosl1,Anxa3,,0.042130318
Fosl1,Ptma,,0.041962963
Fosl1,Dusp5,,0.04159284
Fosl1,Atf4,,0.041523144
Egr1,Junb,0.2076022,0.064982876
Egr1,Fos,0.19009228,0.114369884
Egr1,Hspa1a,-0.14696041,
Egr1,Gm13889,-0.14418897,
Egr1,Sfrp2,0.10628471,
Egr1,Sgk1,0.105216295,
Egr1,Nr4a1,0.09631358,
Egr1,Id1,0.09568418,
Egr1,Serpine1,0.09462704,
Egr1,Gadd45g,-0.08923154,
Egr1,Des,0.08849548,
Egr1,S100a4,-0.0877405,
Egr1,Cav1,0.08764188,
Egr1,Mgp,0.08673087,0.09100683
Egr1,Ogn,0.08618456,0.04426849
Egr1,Meg3,0.08570046,
Egr1,Ckb,-0.08526556,
Egr1,Klf6,0.08441026,
Egr1,Ier2,0.084345534,0.04616913
Egr1,Csrp1,-0.083450496,
Egr1,Anxa1,0.08317984,
Egr1,Gadd45b,0.08307434,0.062264755
Egr1,Tmx4,0.08179563,
Egr1,Btg2,0.08178116,
Egr1,Ier3,0.0814348,0.05215989
Egr1,Itih4,-0.076684,
Egr1,Msrb1,-0.07657977,
Egr1,Fosb,0.07625263,0.04699557
Egr1,Hspb1,-0.075620286,-0.079869844
Egr1,Ctsh,-0.07480859,
Egr1,Hspa1b,-0.06974249,
Egr1,Col5a2,0.06903886,
Egr1,Myh10,0.066876404,
Egr1,Cebpb,-0.066833675,
Egr1,Klf2,0.06585972,
Egr1,Jun,0.064973526,
Egr1,Rgs4,-0.06491052,
Egr1,Fxyd5,-0.0643715,
Egr1,Anxa2,0.06261654,
Egr1,Sncg,-0.062091272,
Egr1,2200002D01Rik,-0.062035315,
Egr1,Mob2,-0.06065376,-0.044907194
Egr1,Smad7,0.060046874,
Egr1,Ccdc3,-0.05997716,
Egr1,Atf3,0.059926607,0.06702623
Egr1,Optc,0.058566637,
Egr1,Col1a2,0.057048842,0.075341985
Egr1,Msn,0.05566854,
Egr1,Ifitm3,-0.055229787,
Egr1,Mfap4,-0.054935887,
Egr1,Crip1,-0.054912586,
Egr1,2210407C18Rik,0.053072143,-0.048701305
Egr1,Acan,0.052854963,0.06485985
Egr1,Ctsl,-0.052052394,
Egr1,Hsph1,-0.051847234,
Egr1,Ppp1r15a,0.051785707,
Egr1,Itgbl1,0.05111442,
Egr1,Mtus2,0.05108635,
Egr1,Myl9,-0.05067115,
Egr1,H2afz,-0.05057208,
Egr1,Nes,0.05026953,
Egr1,Limch1,0.049752448,
Egr1,Rrad,-0.04973053,
Egr1,Fas,-0.049723525,
Egr1,Anxa3,0.048483036,
Egr1,Nrtn,-0.04800985,
Egr1,Prpf4b,0.047331568,
Egr1,Ldha,-0.046898928,
Egr1,Col3a1,-0.046852987,0.04241543
Egr1,Dact3,-0.046495024,
Egr1,Sema3c,0.04635285,
Egr1,Eno1,-0.04628694,
Egr1,Prex2,0.045420073,
Egr1,Smad6,0.044751033,
Egr1,Mustn1,-0.044638295,
Egr1,Itpk1,-0.044516277,
Egr1,Lims2,-0.044493888,
Egr1,Timp2,-0.044444088,
Egr1,Ptprz1,0.043937452,
Egr1,Jund,-0.04391812,
Egr1,Filip1l,-0.043461792,
Egr1,Plpp3,0.043182634,
Egr1,Col14a1,0.042427037,
Egr1,Nfia,0.042148754,
Egr1,S100a10,0.04208452,
Egr1,Tes,0.041692786,
Egr1,Col15a1,-0.041531086,0.050085124
Egr1,Malat1,0.04129947,
Egr1,Fdps,-0.041218016,-0.043907024
Egr1,Cidea,0.040585086,
Egr1,Cst3,-0.040246572,
Egr1,Sorl1,0.039429314,
Egr1,Vldlr,0.03921317,
Egr1,Gem,0.03900071,
Egr1,Map3k7cl,0.03880573,
Egr1,Gata6,0.038694248,
Egr1,Mif,-0.037994023,
Egr1,Eln,0.037826363,0.09284432
Egr1,Stk38l,-0.037712574,
Egr1,Rtn4,0.037191056,
Egr1,Clu,-0.03716933,
Egr1,Inhba,0.03714462,
Egr1,Lmcd1,-0.03706866,
Egr1,Errfi1,0.03670215,
Egr1,Esd,-0.03655986,-0.12363636
Egr1,Hif1a,-0.03640839,
Egr1,Ppp1r14a,-0.0362833,
Egr1,Cryab,-0.035907116,-0.05250919
Egr1,Dsp,0.03586525,
Egr1,Tinagl1,-0.03555589,
Egr1,Herpud1,-0.035343897,
Egr1,Ecm2,0.03533165,
Egr1,Palld,-0.035041735,
Egr1,Dusp1,0.034431923,0.040470183
Egr1,E030013I19Rik,0.034337956,
Egr1,Rnd3,-0.034127917,
Egr1,Tppp3,0.03393775,
Egr1,Rhob,-0.033751354,
Egr1,Sh3bgr,-0.033704888,
Egr1,Dkk3,-0.03333121,
Egr1,Dgkb,0.03327902,
Egr1,Sparc,0.033163786,
Egr1,Esm1,,0.21619384
Egr1,Spp1,,-0.10428458
Egr1,Col1a1,,0.086840294
Egr1,Bax,,-0.08541708
Egr1,Bdh2,,0.07733385
Egr1,Fn1,,0.07652926
Egr1,Vcam1,,0.07358297
Egr1,Nhp2,,-0.07019369
Egr1,Bst2,,-0.069423996
Egr1,Lgals3,,-0.06782019
Egr1,Fabp4,,-0.06614046
Egr1,Lox,,0.06422217
Egr1,Nfkbia,,0.06160077
Egr1,Lcn2,,0.058704916
Egr1,Asns,,-0.055144552
Egr1,Ppic,,0.052502155
Egr1,Tubb4b,,-0.046291597
Egr1,Kalrn,,0.046184897
Egr1,Timp1,,0.04585087
Egr1,Mgst1,,-0.045294553
Egr1,Lum,,0.04492721
Egr1,Nox4,,0.043845832
Egr1,Pi15,,0.043794382
Egr1,Serpinb6b,,-0.043718066
Egr1,Ank,,0.043597
Egr1,Tmem176b,,0.04300754
Egr1,Hsp90aa1,,-0.04257153
Egr1,Tmem176a,,0.04255966
Egr1,Odc1,,-0.041339666
Junb,Ier2,0.14154823,0.06522992
Junb,Egr1,0.116564974,0.065778784
Junb,Fos,0.11476312,0.09456272
Junb,Ier3,0.11222346,0.061233975
Junb,Socs3,0.09062891,
Junb,Meg3,-0.0828498,
Junb,Serpine1,-0.08231563,
Junb,Jun,0.07381963,0.05649276
Junb,Zfp36,0.072621934,
Junb,Fabp4,-0.070986666,-0.067725144
Junb,Tcap,0.06431169,
Junb,Id1,0.06280567,
Junb,Klf2,0.061054163,
Junb,Cav1,-0.058959357,-0.06692823
Junb,Gadd45g,0.05880715,
Junb,Anxa3,-0.05760297,
Junb,S100a10,-0.05748682,-0.044931654
Junb,Cd200,0.054736085,0.051492043
Junb,Btg2,0.0547141,
Junb,Cebpb,0.05379562,0.043048836
Junb,Igfbp4,-0.050901994,-0.042883974
Junb,Timp3,-0.049230248,
Junb,Anxa2,-0.04672595,
Junb,Lars2,0.044801857,
Junb,Rtn4,-0.044030476,
Junb,Tes,-0.04370503,
Junb,Anxa1,-0.04167579,
Junb,Ecm2,-0.040909395,
Junb,Synpo2,-0.04080224,
Junb,Tppp3,-0.040549867,
Junb,Rhob,0.03999285,
Junb,Gadd45b,0.039979152,0.04546106
Junb,Sertad1,0.038737472,
Junb,Crip1,-0.038697463,-0.064694375
Junb,2210407C18Rik,-0.038119387,-0.04120544
Junb,Lmcd1,0.03802782,
Junb,Dusp1,0.037390616,
Junb,Mustn1,-0.037242375,
Junb,Sparcl1,-0.036749866,
Junb,Vcan,-0.036436465,
Junb,Pi15,-0.03633753,
Junb,Manf,-0.035978686,
Junb,Npy1r,-0.03560641,-0.05765794
Junb,Ppp1r14a,-0.035486907,-0.06033438
Junb,Pcolce2,-0.034607027,
Junb,Dhrs3,-0.034598324,
Junb,Ankrd12,-0.034455754,
Junb,Prss23,-0.03420545,-0.082305185
Junb,Myom1,-0.03417245,
Junb,Rrad,0.034029096,
Junb,Dsp,-0.033576436,
Junb,Spp1,,0.22044398
Junb,Timp1,,0.10306333
Junb,Mgp,,0.10245075
Junb,Mfap4,,-0.08924727
Junb,Rbp4,,-0.085877545
Junb,Vcam1,,0.085849844
Junb,Actg2,,-0.08079963
Junb,Sh3bgr,,-0.06826062
Junb,Csrp1,,-0.06284182
Junb,Serping1,,0.060119305
Junb,Postn,,-0.058446843
Junb,Cebpd,,0.05683681
Junb,Gm13889,,-0.054094195
Junb,Col15a1,,-0.05069091
Junb,Myl9,,-0.05018621
Junb,Aspn,,-0.04973219
Junb,Ckb,,-0.04944627
Junb,Nes,,-0.04920549
Junb,Myh11,,-0.048474617
Junb,Rcan1,,0.047518592
Junb,Timp2,,-0.04714437
Junb,Cald1,,-0.045593977
Junb,Scx,,0.044878986
Junb,Cped1,,-0.04466711
Junb,Plcb4,,-0.04324823
Junb,Col6a3,,-0.043110684
Junb,Tpm1,,-0.042837698
Junb,Ptgs2,,0.040923957
Junb,Csrp2,,-0.040654328
Junb,Vim,,-0.040353607
Fosb,Fos,0.16816606,0.13236451
Fosb,Rbp4,0.15754788,
Fosb,Jun,0.13078162,0.097828835
Fosb,Apoe,-0.107495554,
Fosb,Itih4,-0.10299238,
Fosb,Gadd45b,0.087134555,0.059629347
Fosb,Serpine1,0.08518971,0.058753747
Fosb,Neat1,0.07906853,
Fosb,Id1,-0.078364395,
Fosb,Mustn1,-0.074643895,-0.041487977
Fosb,Lgals3,-0.0710578,-0.069782734
Fosb,Tppp3,-0.06839459,
Fosb,Csrp1,-0.06426056,
Fosb,Htra3,-0.06145671,
Fosb,Anxa2,-0.06136518,-0.053965747
Fosb,Fbxl22,-0.05754027,
Fosb,Cebpd,-0.05657249,
Fosb,Myh10,0.05536521,
Fosb,Ier3,-0.054343287,
Fosb,Txnip,-0.053338338,
Fosb,Slc38a2,0.051590092,
Fosb,Klf4,0.051142696,
Fosb,Crip1,-0.050895356,-0.044207945
Fosb,Manf,-0.05065339,
Fosb,Rhob,-0.050081927,
Fosb,Aspn,-0.04750597,
Fosb,Fabp4,-0.047414854,
Fosb,Nfkbia,0.047111295,
Fosb,Ifitm3,-0.045636684,
Fosb,Tcap,-0.045167934,
Fosb,Malat1,0.04515773,
Fosb,Mfap4,0.044778004,
Fosb,Anxa3,0.044045947,
Fosb,Plcb4,0.043931194,
Fosb,Ier5,0.04328222,
Fosb,Actg2,-0.042574324,
Fosb,Des,-0.04223628,
Fosb,Egr1,0.04215057,0.052162934
Fosb,Sncg,-0.04135548,-0.048745323
Fosb,Gdf15,0.04093578,
Fosb,S100a10,-0.039731894,-0.076714404
Fosb,Esam,-0.039708775,
Fosb,Myh11,0.039447132,0.054125443
Fosb,Sparcl1,0.03758367,
Fosb,Ppp1r15a,0.037280053,
Fosb,Emb,0.037028503,
Fosb,Dusp1,0.03652093,
Fosb,Hmgcs1,0.036101524,
Fosb,Nupr1,0.035838757,
Fosb,Dsp,0.035415642,
Fosb,Tnfrsf12a,-0.035364244,
Fosb,Ptma,-0.035289105,
Fosb,Timp2,0.034112144,
Fosb,Gm13889,-0.033424556,
Fosb,Hspa1a,0.033366427,
Fosb,Thbs1,,0.07038652
Fosb,Tubb4b,,-0.062499613
Fosb,Tuba1a,,-0.055536922
Fosb,Vmp1,,-0.052200787
Fosb,Ppp1r14b,,-0.045691554
Fosb,Col3a1,,0.045216616
Fosb,Phlda3,,-0.044441156
Fosb,Timp1,,0.043963652
Fosb,Igfbp2,,0.043680917
Fosb,Klf2,,0.041430105
Fosb,Atf3,,0.041411202
Fosb,Lbh,,0.041279625
Fosb,Pcolce2,,-0.041175567
Fosb,Jpt1,,-0.040877182
Klf2,Apoe,-0.19118406,-0.04686653
Klf2,S100a4,0.10638528,0.061080385
Klf2,Actg2,-0.07895943,
Klf2,Fxyd5,0.077642135,
Klf2,Ccdc3,0.07433887,
Klf2,Rrad,0.07046065,0.047194324
Klf2,Col15a1,0.069057934,
Klf2,Des,-0.057415478,
Klf2,Crlf1,0.05365449,
Klf2,Klf4,0.053456478,0.04554256
Klf2,Fn1,0.053089667,-0.07125955
Klf2,S100a10,0.052422363,
Klf2,Tes,-0.05122547,
Klf2,Sncg,0.05071635,
Klf2,Atf3,0.048745524,
Klf2,Itgbl1,0.047214735,
Klf2,Cd109,0.045988273,
Klf2,Ier3,-0.045955416,
Klf2,Nupr1,0.04353643,
Klf2,Tnfrsf12a,-0.043426067,
Klf2,Dusp1,0.04246276,
Klf2,Sparc,0.042302392,
Klf2,Junb,0.04194423,
Klf2,Osr1,-0.041929267,
Klf2,Lgals3,0.04156497,
Klf2,Jun,0.041163865,0.045014
Klf2,Ctsh,0.04074472,0.054901578
Klf2,Gm13889,0.04067182,
Klf2,Ppp1r14b,0.040349927,
Klf2,Optc,-0.039813355,
Klf2,Mt1,0.039656397,-0.060061984
Klf2,Rhob,0.039616317,0.058508564
Klf2,Itih4,-0.039346345,
Klf2,Col1a1,0.038830083,
Klf2,Lox,0.038380682,
Klf2,Aqp1,0.038012907,
Klf2,Ppp1r14a,-0.037398845,
Klf2,Ftl1,0.037328668,0.045819003
Klf2,Btg2,0.037267733,
Klf2,Ccdc80,0.03709625,
Klf2,Prelp,-0.036708504,
Klf2,Sema3c,-0.035933647,
Klf2,Ncam1,-0.03494431,
Klf2,Mt2,0.0345479,
Klf2,Cd200,0.03400995,
Klf2,Ctsl,0.03392907,
Klf2,Igfbp4,0.033867333,
Klf2,Jund,-0.033721905,
Klf2,Klf6,0.033537142,
Klf2,Dbp,-0.03348387,
Klf2,Timp2,0.033185363,0.049777877
Klf2,Mylk4,,0.111636356
Klf2,Serpinb6b,,0.07607466
Klf2,Serping1,,0.06804763
Klf2,Tubb4b,,0.06711528
Klf2,Lcn2,,-0.063166514
Klf2,Cldn3,,0.06279476
Klf2,Hspb1,,0.062008064
Klf2,Acan,,0.060296398
Klf2,Tpm4,,0.053592913
Klf2,Bax,,0.05278189
Klf2,Smoc2,,0.051912874
Klf2,Mob2,,0.051596075
Klf2,Csrp1,,0.051232476
Klf2,Mustn1,,0.04844202
Klf2,Cryab,,0.045787554
Klf2,Nes,,0.045762382
Klf2,Mfap4,,-0.045408342
Klf2,Cfh,,-0.041875117
Klf2,Prss23,,-0.041194066
Klf2,Fos,,0.040719174
Klf2,Esd,,0.040583637
Klf2,Nox4,,-0.040385395
Jund,Jun,0.18032783,0.086358
Jund,Hspa1a,0.17387497,0.10670289
Jund,Tppp3,0.15996237,0.040898073
Jund,Apoe,0.15603748,0.05418039
Jund,Fn1,-0.14536081,
Jund,Tnfrsf12a,0.14341152,0.06272068
Jund,S100a10,0.11052558,0.056159537
Jund,Tes,0.10770231,
Jund,Gadd45g,0.08977244,
Jund,Col15a1,-0.08843526,0.114870444
Jund,Postn,-0.08770076,0.04671042
Jund,Serpine1,0.08728258,0.055123005
Jund,Otud1,0.08558719,
Jund,Hspa8,0.08092469,0.06340985
Jund,Timp2,-0.08026376,
Jund,Col3a1,-0.07980812,
Jund,Arl4a,0.07889978,
Jund,Filip1l,0.07673234,0.04518484
Jund,Clu,-0.07634123,
Jund,Mgp,-0.076055385,-0.12812123
Jund,Cd200,-0.07526699,
Jund,Atf3,0.07493146,
Jund,Id1,0.07209681,
Jund,Itga5,0.072092086,
Jund,Sparc,-0.070861675,
Jund,Nfkbia,-0.06966187,
Jund,Sgk1,-0.06715915,
Jund,Cidea,0.06692043,
Jund,Osr1,0.06681138,
Jund,Hspa1b,0.06426033,0.06552515
Jund,Tubb2a,0.06345516,0.042362835
Jund,Tubb4b,0.06311306,0.05245509
Jund,Klf2,-0.062766396,
Jund,St5,-0.062066562,
Jund,Rgs4,0.061539914,
Jund,Lars2,-0.061190322,
Jund,Btg2,0.059430137,
Jund,Hspa2,0.05874129,
Jund,Rhob,0.05821332,
Jund,Lgals3,0.057233855,0.11657319
Jund,Ltbp4,0.057171024,
Jund,Ckb,0.057148464,0.09634052
Jund,Tubb6,0.056710288,
Jund,Fabp3,0.05552051,
Jund,Ppp1r14a,0.05527706,0.12137168
Jund,Tubb5,0.055192053,
Jund,Itgbl1,-0.054986726,
Jund,Crip1,0.05471374,0.083928734
Jund,Synpo2,0.054555133,0.057322457
Jund,Dusp8,0.05445893,
Jund,Fibin,0.05441618,
Jund,Msn,0.05417267,
Jund,Vcan,0.053882346,
Jund,Fabp4,0.051992103,0.10680361
Jund,Cald1,-0.05164022,
Jund,Anxa2,0.05111168,0.051323287
Jund,Hsp90aa1,0.050865464,0.05832972
Jund,Ier3,-0.049916096,
Jund,Prelp,0.049765807,
Jund,Sost,0.049331237,
Jund,2200002D01Rik,-0.048177805,0.09267842
Jund,Actg2,0.047551274,0.10719415
Jund,Rtn4,0.04735605,
Jund,Cdc42ep3,-0.04731357,
Jund,H3f3b,0.047075175,0.06477904
Jund,Ncam1,0.047017254,
Jund,Cav1,0.046914928,0.101165645
Jund,Ppp1r12a,0.04680241,0.045784187
Jund,2210407C18Rik,-0.04643066,
Jund,Sncg,-0.046429724,0.055481702
Jund,Ctsh,-0.04592094,
Jund,Gadd45b,-0.0455225,
Jund,Igfbp4,-0.04529843,
Jund,Fmo2,-0.04523325,
Jund,Gja1,0.044917326,
Jund,Crlf1,-0.044143237,
Jund,Arid5a,0.044046722,
Jund,Klf15,-0.043624595,
Jund,Gxylt2,-0.0434896,
Jund,Ptma,0.04308372,
Jund,Ccdc80,-0.0427457,
Jund,Wif1,-0.04253671,
Jund,Srsf5,0.04223978,
Jund,Nox4,-0.04202984,
Jund,Myh10,-0.04063734,
Jund,Htra3,0.040129207,0.055691574
Jund,Ier2,-0.03984382,
Jund,Spint2,-0.039599705,
Jund,Art3,-0.039245192,
Jund,Optc,0.03920902,0.042980254
Jund,Igfbp2,-0.039142553,
Jund,Cebpb,0.03866545,
Jund,Myoz2,0.03821235,0.05181659
Jund,Arid5b,0.038185477,
Jund,Nrtn,-0.038135964,
Jund,Sqstm1,-0.03764541,
Jund,Timp3,0.037599497,0.06787228
Jund,Abi3bp,0.037597552,
Jund,Cst3,-0.03729877,0.054248165
Jund,Ifrd1,0.036844626,
Jund,Plat,-0.036625963,
Jund,Hspa5,-0.03646054,
Jund,Igfbp7,-0.035546586,0.04520798
Jund,Col1a1,-0.035411026,
Jund,Dnajb4,0.035370845,
Jund,Fas,-0.034828745,
Jund,Acan,-0.03453843,
Jund,Zfp36,-0.034298886,
Jund,Gucy1a1,-0.033271473,
Jund,Spp1,,-0.4096235
Jund,Vcam1,,-0.17830306
Jund,Mfap4,,0.15320976
Jund,Timp1,,-0.14112353
Jund,Tagln,,0.12914601
Jund,Csrp1,,0.11206966
Jund,Hspb1,,0.10457425
Jund,Cryab,,0.10341898
Jund,Ogn,,0.099584796
Jund,Mustn1,,0.098454714
Jund,Prss23,,0.09737548
Jund,Rarres2,,0.097020224
Jund,Sh3bgr,,0.09080268
Jund,Gm13889,,0.087367006
Jund,Sparcl1,,0.085301675
Jund,Lmcd1,,0.08156195
Jund,Vim,,0.07033408
Jund,Tinagl1,,0.069772236
Jund,Myl9,,0.06947763
Jund,Fbln2,,-0.06928555
Jund,Esm1,,-0.06919698
Jund,Tpm1,,0.06827228
Jund,Scx,,0.06694333
Jund,Fos,,0.06682142
Jund,Csrp2,,0.06558447
Jund,Cped1,,0.062030267
Jund,Mt1,,-0.059662964
Jund,Cxcl12,,-0.059619635
Jund,Itih4,,0.05939893
Jund,Npy1r,,0.058194987
Jund,Tmem176a,,-0.057969622
Jund,Tmem176b,,-0.057726793
Jund,Sat1,,0.056154624
Jund,Eln,,0.055182964
Jund,Ppp1r14b,,0.054861516
Jund,Cenpa,,-0.05374803
Jund,Cp,,-0.05340891
Jund,Myh11,,0.0520626
Jund,Stmn1,,-0.050357487
Jund,Id2,,0.05004976
Jund,Aspn,,0.047564592
Jund,Lims2,,0.046998683
Jund,Selenoh,,-0.046939008
Jund,Col5a2,,-0.04684795
Jund,Plcb4,,0.046435393
Jund,Hspa4l,,0.042763654
Jund,Foxs1,,0.04257686
Jund,Stk38l,,0.04236927
Jund,Anxa3,,0.042045966
Jund,Tgfb2,,0.041431423
Jund,Rora,,0.041429594
Jund,Meg3,,0.04113536
Jund,Klf6,,0.04059104
Jund,Map4k4,,-0.040551588
Jun,Rbp4,-0.16838439,
Jun,Fos,0.13509199,0.13496773
Jun,Jund,0.1340964,0.049840793
Jun,Fosb,0.117703505,0.06509903
Jun,Itih4,0.11650077,
Jun,Btg2,0.11377186,0.07137827
Jun,Anxa1,-0.08708735,
Jun,Des,-0.079648,
Jun,Junb,0.079594575,0.050549127
Jun,Anxa2,-0.071631044,
Jun,Gm13889,0.070223,
Jun,Sfrp2,-0.06929199,
Jun,Tuba1a,-0.06646012,-0.040763
Jun,Tppp3,-0.062340062,
Jun,Klf2,0.06167607,0.04125661
Jun,S100a10,-0.061402924,
Jun,Gstm1,-0.059641283,
Jun,Plpp3,-0.059457943,-0.06083262
Jun,Dnajb4,0.057839014,
Jun,Serpine1,0.057588246,
Jun,Serpinb6b,-0.057012964,
Jun,Id1,-0.05621996,
Jun,Sgk1,-0.055121925,
Jun,Tm4sf1,-0.054179918,
Jun,Fabp4,-0.053775027,
Jun,Nr4a1,-0.053048953,
Jun,Mt2,-0.052342758,
Jun,Ftl1,-0.052331064,
Jun,Nfkbia,-0.051598728,
Jun,Tubb4b,-0.050837595,-0.040959317
Jun,Eno1,-0.045279518,
Jun,Manf,0.044151,
Jun,Ckap4,-0.043178022,
Jun,Atf3,-0.043138273,
Jun,Vcan,-0.042670406,
Jun,Prss23,-0.04204068,
Jun,Col5a2,0.04195778,
Jun,Ier2,0.041612595,
Jun,Hsp90b1,-0.041561063,
Jun,Crip1,-0.041342974,
Jun,2200002D01Rik,0.04127053,
Jun,Malat1,0.04062991,
Jun,Ldha,-0.040018126,
Jun,Msn,0.038317613,
Jun,Gdf15,0.037921313,
Jun,Hspa8,-0.037355058,
Jun,Clu,-0.03727827,-0.04592856
Jun,Sqstm1,-0.037145603,
Jun,Ier5,0.03651454,
Jun,Ier3,0.036429297,
Jun,Meg3,-0.036331937,
Jun,Tubb6,-0.036068574,
Jun,Sparc,-0.03600655,
Jun,Mef2c,0.035998687,
Jun,Rrad,0.035102062,
Jun,Smad7,0.035033625,
Jun,Fbxo30,0.03479892,
Jun,Nupr1,-0.03450893,
Jun,Cdkn1a,-0.033539735,
Jun,Timp1,,-0.09045689
Jun,Thbs1,,-0.08257865
Jun,Mgp,,-0.07389795
Jun,Cp,,-0.06886005
Jun,1110008P14Rik,,-0.067727685
Jun,Pi15,,-0.054644864
Jun,Vcam1,,-0.05274521
Jun,Mustn1,,-0.040764056
Eno1,Lgals3,0.16314253,0.14633572
Eno1,Sncg,0.11803742,0.089318305
Eno1,Sost,-0.09171188,-0.08784048
Eno1,Anxa2,0.091058366,0.07411662
Eno1,Myom1,-0.087809965,
Eno1,Sparcl1,-0.08187556,
Eno1,Anxa1,0.07729014,0.04568622
Eno1,Ldha,0.07552318,0.15303876
Eno1,Tmsb10,0.06694679,0.12658888
Eno1,Myh11,-0.06670694,
Eno1,Nupr1,0.064415954,
Eno1,Dusp1,0.06309495,
Eno1,Wif1,-0.061775886,
Eno1,Col6a3,0.060861662,
Eno1,Gstm1,-0.060651414,
Eno1,Phlda3,0.058413904,0.052731898
Eno1,Gm13889,0.05754101,0.044964503
Eno1,Itgbl1,0.05552364,-0.061778847
Eno1,Ifitm3,0.054427195,0.08495975
Eno1,Ppp1r14b,0.053640082,0.107745476
Eno1,Esam,0.053535353,
Eno1,Jun,-0.052907355,-0.046598982
Eno1,Ppic,0.051971737,
Eno1,Ftl1,0.05122107,0.06108391
Eno1,Postn,0.04926404,-0.064715214
Eno1,Mt1,0.049149156,0.13512415
Eno1,Timp1,0.04730567,0.092673816
Eno1,Ctsl,0.046502847,0.050189294
Eno1,Vcan,-0.044849947,
Eno1,Mgp,0.042885493,-0.095176525
Eno1,Crip1,0.0428236,0.08786019
Eno1,Acan,0.042298455,
Eno1,Kcnab1,-0.041908767,
Eno1,Tubb2a,0.04103881,
Eno1,Col1a1,0.039340198,
Eno1,Ecm2,-0.039336346,
Eno1,Pgk1,0.038534023,0.075245075
Eno1,Nme1,0.038353004,0.06628053
Eno1,Ptprz1,-0.037944105,
Eno1,Dkk3,0.034956325,
Eno1,Btg2,-0.033234708,
Eno1,Mif,,0.12837112
Eno1,Tubb5,,0.07783894
Eno1,Clu,,0.076217756
Eno1,Prdx5,,0.07301188
Eno1,Id3,,0.07282755
Eno1,Ptma,,0.072321795
Eno1,Vcam1,,0.07060454
Eno1,Csrp1,,0.06905451
Eno1,H2afz,,0.06862707
Eno1,Manf,,0.067554064
Eno1,Gja1,,0.06386886
Eno1,Glipr1,,0.062375806
Eno1,Capg,,0.059655953
Eno1,Fkbp11,,0.05779362
Eno1,Ramp1,,-0.057305727
Eno1,Fbln2,,0.05237277
Eno1,Timp3,,-0.05159959
Eno1,Tuba1b,,0.05102603
Eno1,Ccl2,,0.050885312
Eno1,Scx,,0.05076788
Eno1,Cox4i2,,0.04972872
Eno1,2410006H16Rik,,0.04966606
Eno1,Nes,,-0.048774187
Eno1,Hif1a,,0.047513384
Eno1,Igfbp2,,-0.0466422
Eno1,Hspd1,,0.045307655
Eno1,Hsp90aa1,,0.045257464
Eno1,Selenoh,,0.04492241
Eno1,Srm,,0.041531403
Eno1,Sdc4,,0.040172096
Klf15,Tcap,0.15921998,0.087261416
Klf15,Actg2,0.104979485,0.081530705
Klf15,Fbxl22,0.07980075,0.062688515
Klf15,Fxyd5,-0.076157145,-0.16034834
Klf15,Eln,-0.071825944,-0.10501484
Klf15,Wif1,0.07081501,
Klf15,Ckb,0.0650786,0.06379651
Klf15,Col15a1,-0.064835005,-0.06686138
Klf15,Sparcl1,0.062406734,0.083727516
Klf15,Tnfrsf12a,-0.06148532,
Klf15,Sncg,-0.061433747,-0.091215305
Klf15,Pcp4l1,0.051691562,0.046963606
Klf15,Ptprz1,0.04991248,0.05064735
Klf15,Mustn1,-0.049181864,-0.04606873
Klf15,Csrp1,0.04847739,
Klf15,Tpm4,-0.046768386,-0.053466223
Klf15,Mgp,-0.046361823,-0.06622236
Klf15,Col1a1,-0.044404514,-0.072478816
Klf15,1190005I06Rik,0.043429743,
Klf15,Ppp1r14a,0.04219883,0.061485138
Klf15,Id1,0.04118649,
Klf15,Itga5,-0.04036454,
Klf15,Sost,0.039491758,0.08809681
Klf15,Cd109,-0.039142568,
Klf15,Tinagl1,0.03905799,
Klf15,Anxa2,-0.03869444,
Klf15,S100a10,-0.038031623,
Klf15,Smim5,0.037990835,
Klf15,Acan,-0.037324157,-0.09552643
Klf15,Crlf1,-0.037306003,-0.15639369
Klf15,Nupr1,-0.036988463,-0.059680384
Klf15,Cidea,0.03623532,
Klf15,Rarres2,0.0362265,0.040947117
Klf15,Des,0.035395492,
Klf15,Atp1b1,-0.035388462,-0.063615896
Klf15,Jund,-0.035036027,
Klf15,Btg2,0.035026,
Klf15,Lox,-0.03464596,-0.076873526
Klf15,Ier3,0.03432606,
Klf15,Nrtn,0.03405792,
Klf15,Ramp1,0.03348248,
Klf15,Myl9,0.03337377,
Klf15,Dbp,0.033171777,
Klf15,Smoc2,,-0.19014785
Klf15,Tnfrsf11b,,-0.16645841
Klf15,Rbp4,,0.10090942
Klf15,Ppic,,-0.09548214
Klf15,Mt1,,0.09446773
Klf15,Apoe,,0.09251451
Klf15,Postn,,-0.09233276
Klf15,Col3a1,,-0.082087904
Klf15,Tnc,,-0.08120155
Klf15,Optc,,0.07052923
Klf15,Mfap4,,0.06330474
Klf15,Col6a3,,-0.06193389
Klf15,Ccdc80,,-0.060729247
Klf15,Serping1,,-0.05915531
Klf15,Ctsh,,-0.057555288
Klf15,Lcn2,,0.0570124
Klf15,Mgst1,,0.05613353
Klf15,Timp2,,-0.051332194
Klf15,Ppp1r14b,,-0.05046489
Klf15,Scx,,-0.04890608
Klf15,2200002D01Rik,,-0.048293438
Klf15,Fbln2,,0.047718547
Klf15,Col1a2,,-0.046503954
Klf15,Lum,,0.046495583
Klf15,Sparc,,-0.045640875
Klf15,Srpx2,,-0.045601394
Klf15,Myh11,,0.04495753
Klf15,Cped1,,0.044721823
Klf15,Fgf2,,-0.04452558
Klf15,Wfdc1,,0.04440285
Klf15,Vwa1,,-0.044289112
Klf15,Fn1,,-0.043031506
Klf15,Stbd1,,0.042488158
Klf15,Plat,,-0.041247055
Klf15,Ltbp4,,0.040376775
Klf15,Timp1,,-0.040278256
Klf15,Ppp1r12a,,0.040239
Heyl,Rbp4,0.15895171,0.06729519
Heyl,Prss23,-0.12454847,
Heyl,Mustn1,-0.12232993,
Heyl,Lgals3,-0.11878887,
Heyl,Fn1,-0.11391827,
Heyl,Gstm1,0.095461726,0.06819776
Heyl,Anxa2,-0.08278855,
Heyl,Mfap4,0.07197379,0.077648275
Heyl,Anxa1,-0.060188882,
Heyl,Postn,-0.059831046,
Heyl,Cav1,-0.058423303,0.08632906
Heyl,Col6a3,-0.058272,
Heyl,S100a10,-0.05799842,0.085539214
Heyl,Gadd45b,-0.05719674,
Heyl,Crlf1,-0.057122283,-0.05170691
Heyl,Tnfrsf12a,-0.057028756,
Heyl,Col5a2,-0.056929093,
Heyl,Lmcd1,-0.055711873,
Heyl,Gadd45g,-0.055466592,
Heyl,Dbp,0.052463967,
Heyl,Smim5,0.05146025,
Heyl,Manf,-0.050828964,
Heyl,Itga5,-0.050160218,
Heyl,Cst3,0.049249534,0.06500354
Heyl,Vwc2,0.049138155,
Heyl,Id1,0.04814797,
Heyl,Ccdc3,-0.04675218,0.085380994
Heyl,Rarres2,0.04667839,0.10056739
Heyl,Timp3,-0.046643175,
Heyl,Tmsb10,-0.045851797,
Heyl,Ifitm3,0.04459392,
Heyl,Plec,-0.04331273,
Heyl,Fbxo32,0.042846274,
Heyl,Sost,0.04245762,0.047415957
Heyl,Plod2,-0.042329546,
Heyl,Atp1a2,0.04101249,
Heyl,Tppp3,-0.040904544,
Heyl,Gabra3,0.040883586,
Heyl,Ctsh,-0.040281776,
Heyl,Prelp,0.040254015,
Heyl,Smarcd3,0.040021155,
Heyl,Fabp3,0.039850917,
Heyl,Fbxl22,0.039186336,
Heyl,Ppp1r12a,0.038774643,
Heyl,Gas6,0.03874333,0.046190344
Heyl,Rtn4,-0.038309414,
Heyl,Tubb5,0.038026907,
Heyl,Aqp1,-0.03740781,
Heyl,Smad6,0.03656709,
Heyl,Wfdc1,0.036383186,
Heyl,Sulf1,-0.03620526,
Heyl,Map2k3,-0.03618437,
Heyl,Sparcl1,-0.03610363,
Heyl,Itga1,0.03603408,
Heyl,Ttc28,0.03593296,0.04382002
Heyl,Eno1,-0.035802584,
Heyl,Camk2n1,0.03465773,0.055645328
Heyl,Mtus2,-0.034433182,
Heyl,Ncam1,0.03384835,0.048163164
Heyl,Rhob,0.033819478,
Heyl,Hsp90aa1,-0.033404794,
Heyl,Mgp,,0.11124951
Heyl,Rcan1,,-0.07792608
Heyl,Crip1,,0.076567866
Heyl,Nox4,,0.064132534
Heyl,Fbln2,,-0.06285832
Heyl,Ramp1,,0.06258026
Heyl,Htra3,,0.05897286
Heyl,Igfbp4,,0.058574166
Heyl,Scx,,-0.056354005
Heyl,Dkk3,,0.055180006
Heyl,Eln,,0.054653388
Heyl,Arid5b,,-0.053588454
Heyl,Optc,,0.04996011
Heyl,Sfrp2,,0.04625483
Heyl,Csrp2,,0.04455366
Heyl,Tagln,,0.04440494
Heyl,Lbh,,-0.04262114
Heyl,Nupr1,,0.04158854
Heyl,Cebpd,,-0.04126629
Heyl,Idi1,,-0.04107916
Heyl,Hspb1,,-0.0407916
Heyl,Ckb,,0.040558163
Heyl,Slco2a1,,-0.040436737
Heyl,Csrp1,,0.040226642
Klf4,Des,0.14951263,
Klf4,Mylk4,-0.14561154,-0.16642635
Klf4,Rbp4,-0.12699188,
Klf4,Klf2,0.11620809,0.07695772
Klf4,Mfap4,-0.111407526,-0.077594854
Klf4,Mustn1,0.10606289,
Klf4,Lmcd1,-0.10001771,-0.085372806
Klf4,Fxyd5,0.09576468,0.077716075
Klf4,Fbxl22,-0.09129351,
Klf4,Rarres2,-0.08163792,-0.124174096
Klf4,Gadd45g,-0.08110367,
Klf4,Wif1,-0.08022803,
Klf4,Sh3bgr,-0.07416853,-0.045706615
Klf4,Optc,-0.073379576,
Klf4,Fn1,0.0698606,-0.050697833
Klf4,Ftl1,0.06838567,
Klf4,Tmx4,0.06830248,
Klf4,Msrb1,-0.067241974,-0.07884041
Klf4,Fosb,0.065294415,
Klf4,Acan,0.06390305,
Klf4,Col15a1,0.063136056,
Klf4,Ppp1r14a,-0.06203769,-0.050989076
Klf4,Gstm2,-0.061355352,
Klf4,Apoe,-0.058024295,
Klf4,Atf3,0.05762463,0.053805213
Klf4,Mt1,-0.055927712,
Klf4,Islr,-0.05105982,-0.08264184
Klf4,Emb,-0.050699987,-0.042753693
Klf4,Csrp1,-0.049941964,-0.048814934
Klf4,Dusp1,-0.0493054,
Klf4,Arid5b,-0.047981545,
Klf4,Ptprz1,-0.047906425,
Klf4,Casq1,-0.047083106,
Klf4,Ckb,-0.0467353,
Klf4,Ppic,0.045845486,
Klf4,Ramp1,-0.04535719,-0.09134057
Klf4,Spint2,-0.044871636,-0.05495807
Klf4,Sost,-0.043924414,
Klf4,Nfkbia,0.043883868,0.046513118
Klf4,Nrtn,-0.043505635,
Klf4,Cebpd,-0.043277305,-0.04918435
Klf4,Stbd1,-0.0427984,
Klf4,Smarcd3,-0.042419806,
Klf4,Lims2,-0.042050857,
Klf4,Ppp1r15a,0.041133307,
Klf4,Lgals3,0.040082566,0.04474256
Klf4,Vwc2,-0.0400346,
Klf4,Msn,0.04001755,
Klf4,Ppp1r14b,0.03998957,0.06404065
Klf4,Id1,0.039314684,0.05230161
Klf4,Btg2,-0.03915725,
Klf4,Serpine1,-0.038877882,
Klf4,Haus8,-0.03854491,
Klf4,Anxa3,-0.038076557,
Klf4,Lbh,-0.03758394,
Klf4,Gm11627,-0.037316654,
Klf4,Myl9,-0.03590877,-0.09689103
Klf4,Crlf1,0.034987174,
Klf4,Gstm1,-0.034883205,
Klf4,Cited2,0.034523513,
Klf4,Fas,-0.03436095,
Klf4,Eln,-0.034072023,
Klf4,Fgf2,0.033749014,
Klf4,Hif1a,0.033114128,
Klf4,Lcn2,,-0.122063555
Klf4,Col3a1,,-0.110111274
Klf4,Lox,,-0.09987044
Klf4,Clu,,-0.085210025
Klf4,Tubb4b,,0.0845079
Klf4,Tagln,,-0.07504485
Klf4,Tmem176b,,-0.06316636
Klf4,Sfrp2,,-0.062924914
Klf4,Gm13889,,-0.0612123
Klf4,Smoc2,,-0.06013259
Klf4,Bax,,0.060029373
Klf4,Prss23,,-0.059690412
Klf4,Cdkn1a,,0.058720794
Klf4,Serping1,,-0.057639595
Klf4,Igfbp2,,-0.056963596
Klf4,Tmem176a,,-0.05688617
Klf4,Myh11,,-0.056757916
Klf4,Cd200,,-0.055510294
Klf4,Cst3,,-0.054412454
Klf4,Ttc9,,0.054260522
Klf4,Cdo1,,-0.054032993
Klf4,Csrp2,,-0.053709835
Klf4,Por,,0.052618634
Klf4,Ccdc3,,-0.052043974
Klf4,Col1a2,,-0.051956974
Klf4,Gas6,,-0.051851723
Klf4,Cd59a,,-0.05141128
Klf4,Thbs1,,-0.049919967
Klf4,Ctsh,,-0.048818488
Klf4,S100a10,,0.046098605
Klf4,Esd,,0.04572064
Klf4,Aqp1,,0.04559973
Klf4,Htra3,,-0.04530127
Klf4,Igfbp4,,-0.044762567
Klf4,Myh10,,-0.044632424
Klf4,Dkk3,,-0.04461288
Klf4,Nes,,0.04318473
Klf4,Ccdc80,,-0.042708673
Klf4,Itih4,,-0.041645274
Runx1,Fn1,0.1488223,
Runx1,Apoe,-0.10553334,
Runx1,Itih4,0.0970278,
Runx1,Serpine1,0.07966413,
Runx1,Crlf1,0.06953185,-0.04803041
Runx1,Ppp1r14a,-0.06420236,-0.050122667
Runx1,Cd109,0.06359792,
Runx1,Fabp4,-0.057255995,
Runx1,Col6a3,0.055112783,
Runx1,Rgs5,-0.053422667,
Runx1,Lgals3,0.053286012,
Runx1,Lox,0.05091316,
Runx1,Tnfrsf12a,-0.050443128,
Runx1,Sost,-0.049809866,-0.057740964
Runx1,Jun,0.044690937,
Runx1,Pi15,0.041971117,
Runx1,Crip1,-0.041733656,
Runx1,Ank,0.041100845,
Runx1,Gadd45g,-0.041044217,
Runx1,Sncg,0.040706906,
Runx1,Fgf2,0.040611595,
Runx1,Timp3,0.04049849,
Runx1,Hbegf,0.04007346,
Runx1,Nfkbia,-0.036687985,
Runx1,Timp2,0.03632408,
Runx1,Col3a1,0.03627368,
Runx1,Gm13889,0.035957173,
Runx1,Myl9,-0.03530237,-0.060396843
Runx1,Id1,-0.034612227,
Runx1,Filip1,0.03359924,
Runx1,Klf2,-0.033579364,
Runx1,Lum,,0.1439787
Runx1,Cp,,0.13718185
Runx1,Tagln,,-0.10079642
Runx1,Mt2,,0.09813458
Runx1,Eln,,-0.0964404
Runx1,Cebpd,,0.08439835
Runx1,Vcam1,,0.0802696
Runx1,Mgst1,,0.07327856
Runx1,Bax,,0.06953333
Runx1,Msrb1,,-0.06807205
Runx1,Sparcl1,,-0.056050327
Runx1,Nme1,,0.055891138
Runx1,Csrp1,,-0.05375941
Runx1,Fbln2,,0.04994403
Runx1,Cst3,,-0.049067654
Runx1,Actg2,,-0.04664065
Runx1,2410006H16Rik,,0.04603586
Runx1,Csrp2,,-0.04421018
Runx1,Cped1,,-0.043582298
Runx1,Anxa3,,-0.04293454
Runx1,Prrx1,,0.04268293
Runx1,Jpt1,,0.04238153
Runx1,Mmp14,,0.041992124
Runx1,Asns,,0.041429512
Runx1,Tmsb10,,0.040226363
Maff,Tcap,-0.14828096,
Maff,Ogn,-0.12041094,-0.09286842
Maff,Fxyd5,0.099617414,
Maff,Col15a1,0.09851131,
Maff,Actg2,-0.09606485,-0.07725865
Maff,Mfap4,0.09053745,
Maff,S100a4,0.0815453,
Maff,Meg3,-0.062637344,
Maff,Fn1,0.061086062,
Maff,Ckb,-0.06082461,
Maff,Arid5b,0.05656702,
Maff,Eln,0.05223078,
Maff,Rrad,-0.05139067,
Maff,Cidea,-0.05079957,
Maff,Tnfrsf12a,0.050787117,
Maff,Hbegf,0.05056454,0.05173253
Maff,Ccdc3,0.049638815,
Maff,Cd109,0.04952884,
Maff,Fibin,-0.04916696,
Maff,Klf6,0.049103945,
Maff,Tes,-0.046506245,
Maff,Selenop,-0.045783978,-0.051914204
Maff,Anxa1,0.044207633,
Maff,Lox,0.043816715,
Maff,Gm13889,0.042775284,
Maff,Anxa3,0.042334814,
Maff,Prss23,0.041579247,
Maff,Hspa1a,0.04151838,0.05000273
Maff,Lgals3,0.041143395,
Maff,Crlf1,0.040415417,
Maff,Tpm4,0.04029664,
Maff,Pcp4l1,-0.04018817,
Maff,Gadd45b,0.0401102,
Maff,Smim5,-0.037118737,
Maff,Txnip,-0.03654038,
Maff,Sost,-0.036417123,
Maff,Rnd3,0.03631971,
Maff,Synpo2,-0.036260847,
Maff,Vcan,-0.036161453,
Maff,Tppp3,-0.03515224,
Maff,Ttc28,-0.03505768,
Maff,Timp2,0.034977775,
Maff,Map3k7cl,-0.034522843,
Maff,Sparc,0.034471158,
Maff,Sgk1,0.034048747,
Maff,Id2,-0.033874538,
Maff,Postn,0.03382393,
Maff,Tuba1a,-0.033223607,
Maff,Nox4,0.033145335,
Maff,Spp1,,0.23954889
Maff,Lcn2,,-0.08777227
Maff,Cxcl12,,0.074934244
Maff,Col1a2,,-0.06501945
Maff,Cryab,,0.064849414
Maff,Col1a1,,-0.06257319
Maff,Lmcd1,,0.061562423
Maff,Hspa1b,,0.05563129
Maff,Hspb1,,0.054674737
Maff,Ptgs2,,0.05338738
Maff,Rcan1,,0.0515755
Maff,Lum,,-0.051129125
Maff,Fbln2,,-0.049487706
Maff,Thbs1,,0.048573572
Maff,2210407C18Rik,,0.04781608
Maff,Plpp3,,0.04477709
Maff,Crip1,,-0.042112768
Maff,Hsp90b1,,-0.04132783
Maff,Myh10,,-0.041262932
Id1,Sost,0.1462624,0.042880002
Id1,Id3,0.10757248,0.078906894
Id1,S100a4,-0.102299795,
Id1,Id4,0.08594597,0.04376314
Id1,Mtus2,0.08156951,
Id1,Nrtn,0.08119934,
Id1,Postn,-0.0807724,-0.0705152
Id1,Lmcd1,0.080632865,-0.06989682
Id1,Lgals3,-0.073172584,
Id1,Id2,0.071365096,0.053950958
Id1,Sparcl1,0.06935127,
Id1,Ifitm3,-0.06709749,-0.042312503
Id1,Col1a1,-0.06412999,-0.10434441
Id1,Ftl1,-0.063932404,
Id1,Gstm1,0.06202256,
Id1,Tnfrsf12a,0.053753022,
Id1,Jund,0.05359854,
Id1,Atp1b1,-0.05340783,
Id1,Wfdc1,0.051658228,
Id1,Hbegf,0.05111401,0.042964127
Id1,Msn,-0.050884824,
Id1,Smad7,0.050686505,
Id1,Fosb,-0.049418904,
Id1,Ier2,0.04724253,
Id1,Osr1,-0.04562472,
Id1,Txnip,0.043725263,
Id1,Junb,0.043660328,
Id1,Col5a2,-0.04336427,
Id1,Pkp4,0.042781092,
Id1,Serpine1,0.042673778,
Id1,Egr1,0.041447893,
Id1,Lbh,0.041340925,
Id1,Manf,0.04116182,0.045767855
Id1,Vcan,0.040479362,
Id1,Lmo4,-0.039604135,
Id1,Pkdcc,0.039323367,
Id1,Tsc22d1,0.037796326,
Id1,Ppic,-0.03740148,-0.055446178
Id1,Art3,0.036739916,
Id1,Srsf5,0.0365434,
Id1,Fbxl22,-0.03595921,
Id1,Mgp,0.035427317,
Id1,Crip1,0.035365988,
Id1,Nr4a1,0.035348024,
Id1,Vim,0.035125665,0.042839423
Id1,Jun,-0.03464356,
Id1,Sparc,-0.034442805,
Id1,Limch1,0.033557404,
Id1,Ctsl,-0.033298224,
Id1,Gas6,,-0.13967377
Id1,S100a10,,0.11370744
Id1,Bax,,0.092435524
Id1,Clu,,-0.08895941
Id1,Scx,,-0.08826074
Id1,Mt1,,0.083107375
Id1,Ramp1,,-0.075349964
Id1,Fbln2,,-0.07114866
Id1,Nme1,,0.066626854
Id1,Frzb,,-0.05804209
Id1,Igfbp2,,-0.057987828
Id1,Ppp1r14b,,0.057440616
Id1,Cst3,,-0.054148328
Id1,H2afz,,0.05344814
Id1,Mif,,0.049795024
Id1,Ace,,-0.049322266
Id1,Acan,,-0.04368564
Id1,Odc1,,0.041827723
Id1,Ddx39,,0.041067563
Id1,Pcolce,,-0.0405676
Bhlhe40,Tcap,0.14598604,
Bhlhe40,Col15a1,0.0483164,
Bhlhe40,Fxyd5,0.047898024,0.05369694
Bhlhe40,Dbp,0.0439079,
Bhlhe40,Prss23,-0.03917693,
Bhlhe40,Tppp3,-0.03829564,
Bhlhe40,Wif1,-0.037443224,
Bhlhe40,Ogn,-0.036305126,-0.061507687
Bhlhe40,Sfrp2,-0.035957947,
Bhlhe40,Rrad,0.035626203,
Bhlhe40,Ckb,-0.03388447,
Bhlhe40,Sncg,,0.08224127
Bhlhe40,Smoc2,,0.06573481
Bhlhe40,Sost,,-0.06054412
Bhlhe40,Acan,,0.05622433
Bhlhe40,Eln,,0.056066945
Bhlhe40,Crlf1,,0.055682782
Bhlhe40,Ppp1r14a,,-0.045871317
Bhlhe40,Esd,,-0.040784802
Twist1,Apoe,-0.14105573,
Twist1,Actg2,-0.055828374,
Twist1,S100a4,0.051255524,0.04665037
Twist1,Itgbl1,0.039183095,
Twist1,Prss23,0.039172992,
Twist1,Gm13889,0.034174792,
Twist1,Rbp4,0.033372506,
Twist1,Mgp,,0.08091916
Twist1,Tnfrsf11b,,0.077504374
Twist1,Lcn2,,-0.070743725
Twist1,Malat1,,-0.059133608
Twist1,Vim,,0.050894655
Twist1,Cxcl12,,0.041317545
Twist1,Anxa3,,0.041150544
Thra,Rbp4,-0.13734491,
Thra,Htra3,0.10708569,0.087521635
Thra,Dbp,-0.09123162,
Thra,Cidea,0.08854194,
Thra,Des,0.08188083,
Thra,Actg2,0.074806094,0.11899368
Thra,Sema3c,0.07427267,
Thra,Itgbl1,-0.06401484,
Thra,Pcp4l1,0.063883856,0.057975113
Thra,Lbh,-0.062398355,
Thra,Gm13889,-0.061716955,0.14291361
Thra,Fmo2,0.06144201,0.2621328
Thra,Mfap4,0.060937658,0.25713855
Thra,Mustn1,0.06039683,0.04992996
Thra,Sh3bgr,0.060339663,0.19193202
Thra,Gstm1,0.05395091,
Thra,Tsc22d1,0.05388004,
Thra,Gas6,0.05304838,0.07638098
Thra,Arl4a,0.052665085,
Thra,Ctsh,-0.05219657,
Thra,Gadd45b,-0.051954858,
Thra,Selenop,0.051557947,0.058009822
Thra,Adam11,0.051520854,
Thra,Timp4,0.051000725,
Thra,Tmx4,0.05047466,
Thra,Cdc42ep3,0.04904563,
Thra,Sfrp2,-0.048232786,
Thra,Junb,-0.047531784,
Thra,Prelp,0.04750689,0.042399704
Thra,Ltbp4,0.045488916,
Thra,Rrad,0.045447253,0.043953042
Thra,S100a10,0.044990364,-0.041187413
Thra,Msrb1,0.044499516,0.166537
Thra,Fn1,-0.04431885,-0.045246195
Thra,Fabp3,0.042524908,
Thra,Ncam1,0.04248035,
Thra,Cd109,-0.042131174,
Thra,Fgl2,0.04179714,0.07567629
Thra,Zfp36l1,0.041137118,
Thra,Col3a1,-0.04104953,0.06693122
Thra,Gadd45g,0.040295884,
Thra,Ppp1r14b,-0.040262137,-0.05884391
Thra,Ckb,0.039776832,0.092620805
Thra,Rasl11a,0.03882606,
Thra,Pdlim4,0.03859693,
Thra,Rtn4,0.038558245,
Thra,Hspa2,0.037922345,
Thra,Lars2,-0.036458854,
Thra,Txnip,0.03602429,
Thra,Cebpb,0.03601486,
Thra,Acan,-0.035795182,
Thra,Manf,-0.035750724,-0.04151679
Thra,Gja1,-0.035425823,-0.06292529
Thra,Gata6,0.035087213,
Thra,Fbxl22,-0.034859404,0.06681636
Thra,Eln,0.034717098,0.12136432
Thra,Pnrc1,0.034684084,
Thra,Hspa5,-0.03457549,
Thra,Cdo1,-0.03439364,
Thra,Igfbp4,0.03438826,
Thra,Osr1,0.03437366,
Thra,Tesc,0.034256827,
Thra,Asb2,0.033777554,
Thra,Spp1,,-0.8405669
Thra,Mgp,,-0.19004731
Thra,Ramp1,,0.18624398
Thra,Vcam1,,-0.15326874
Thra,Ppp1r14a,,0.14656389
Thra,Itih4,,0.13539983
Thra,Esm1,,-0.1352125
Thra,Myl9,,0.1343103
Thra,Sost,,0.13001062
Thra,Thbs1,,-0.12659346
Thra,Tagln,,0.12238645
Thra,Csrp1,,0.120435454
Thra,Postn,,0.1071961
Thra,Csrp2,,0.101485215
Thra,Myh11,,0.09933538
Thra,Tinagl1,,0.0978581
Thra,Glrx,,-0.09774313
Thra,1110008P14Rik,,-0.09274488
Thra,Crlf1,,0.087842785
Thra,Cst3,,0.07854479
Thra,Gstm2,,0.07851824
Thra,Tmsb10,,-0.077404514
Thra,Fbln2,,-0.07705499
Thra,Aqp1,,-0.070904255
Thra,Nrtn,,0.07071578
Thra,Igfbp7,,0.07065074
Thra,Vmp1,,-0.0706118
Thra,Olfr1033,,0.07056836
Thra,Sparc,,0.066933505
Thra,Tpm1,,0.065172374
Thra,Fkbp11,,-0.06478043
Thra,Ccdc80,,0.063570894
Thra,Cxcl16,,-0.06307119
Thra,Igfbp2,,0.062235154
Thra,Nhp2,,-0.060598083
Thra,Cd200,,0.05936074
Thra,Prdx5,,-0.057670426
Thra,Timp2,,0.056884922
Thra,Rcan1,,-0.054771196
Thra,Mob2,,0.054055087
Thra,Crip1,,0.053462412
Thra,Hcfc1r1,,0.0532423
Thra,Cped1,,0.05314628
Thra,Capg,,-0.05296068
Thra,St5,,0.05092677
Thra,Selp,,-0.050503068
Thra,Itga1,,0.049932588
Thra,Prss23,,0.049734253
Thra,Wfdc1,,0.049355425
Thra,Inhba,,-0.04751462
Thra,1190005I06Rik,,0.04666449
Thra,Sncg,,0.04661808
Thra,Lims2,,0.04517542
Thra,Crispld2,,0.045049373
Thra,Cald1,,0.044508774
Thra,Col1a1,,0.044407234
Thra,Slco2a1,,-0.04391003
Thra,Ndnf,,-0.043017585
Thra,Ptgs2,,-0.04232458
Thra,Vwa1,,0.04228626
Thra,Pgk1,,-0.042254455
Thra,Fbxo2,,0.041197475
Thra,Stbd1,,0.04048313
Klf9,Rbp4,0.13702407,0.092748374
Klf9,Stbd1,0.09764801,
Klf9,Dbp,0.09335192,
Klf9,Gstm1,0.08857129,0.07507362
Klf9,Selenop,0.08108046,
Klf9,Col15a1,-0.07186681,
Klf9,Vcan,-0.070573084,
Klf9,Tuba1a,0.07028519,
Klf9,St5,0.06385273,
Klf9,Atf3,0.06380594,
Klf9,Nrtn,-0.06326207,
Klf9,Tubb5,0.060312305,
Klf9,Hbegf,0.059019413,
Klf9,Esd,0.058042362,
Klf9,Csrp1,0.0564599,
Klf9,Sparcl1,-0.05474883,0.07032134
Klf9,Plpp3,0.05385397,
Klf9,Ifitm3,0.05384317,
Klf9,Hspa1a,-0.053841002,
Klf9,Bst2,0.053677715,
Klf9,Nupr1,-0.052280873,
Klf9,Rgs4,-0.051381826,
Klf9,Spint2,0.050013155,
Klf9,Itgbl1,0.049851656,
Klf9,Mt1,0.048723765,
Klf9,Id4,-0.048450764,
Klf9,Srsf5,0.04798686,
Klf9,Fxyd5,-0.047755364,-0.078032285
Klf9,Nox4,0.04592132,
Klf9,Mfap4,-0.04491791,0.071945064
Klf9,Pdlim4,0.043733332,
Klf9,Ccdc85b,0.043579314,
Klf9,Hcfc1r1,0.0428964,
Klf9,Pi15,-0.042894345,
Klf9,Arl4a,-0.042414006,
Klf9,Ppp1r14a,0.041447926,0.05473514
Klf9,Neat1,-0.041408252,
Klf9,Sfrp2,-0.0413627,
Klf9,Optc,0.040735506,
Klf9,Myl9,0.04001046,
Klf9,Fbxl22,0.039913755,
Klf9,Ubc,0.039352026,
Klf9,S100a10,0.039336454,
Klf9,1190005I06Rik,0.038160853,
Klf9,Atf5,0.038142372,
Klf9,Plod2,-0.038141266,
Klf9,Sgk1,0.037724994,
Klf9,Tubb6,0.037468687,
Klf9,Cav1,0.03645224,
Klf9,Gm13889,0.03598001,
Klf9,Des,0.03549859,
Klf9,Lmcd1,-0.035370268,
Klf9,Cldn22,0.035002574,
Klf9,Smim5,0.03397998,
Klf9,Malat1,-0.03338347,
Klf9,Wfdc1,0.033379897,
Klf9,Ttc28,0.033369165,0.049555857
Klf9,Cxcl12,,-0.18536173
Klf9,Timp1,,-0.14640911
Klf9,Lum,,-0.13042744
Klf9,Smoc2,,-0.11793032
Klf9,Lox,,-0.08560868
Klf9,Lcn2,,-0.08232598
Klf9,Scx,,-0.07687041
Klf9,Gpx7,,-0.0747819
Klf9,Tmem176b,,-0.07461774
Klf9,Ccdc3,,0.06940009
Klf9,Col1a1,,-0.06495886
Klf9,Tmem176a,,-0.064122334
Klf9,Tmsb10,,-0.06096236
Klf9,Acan,,-0.05946643
Klf9,Tpm4,,-0.058480535
Klf9,Nfkbia,,0.05606931
Klf9,Serping1,,-0.056046598
Klf9,Bax,,-0.055529445
Klf9,Fkbp11,,-0.055286534
Klf9,Ppic,,-0.05512803
Klf9,Clu,,-0.05446944
Klf9,Fbln2,,-0.054205857
Klf9,Cped1,,0.053468585
Klf9,Sh3bgr,,0.049774844
Klf9,Col5a2,,-0.047774933
Klf9,Prss23,,0.044189755
Klf9,Itih4,,0.042432796
Klf9,Nme1,,-0.041350346
Klf9,Ctsl,,-0.04075159
Mef2c,Actg2,-0.12801784,-0.04168155
Mef2c,Tuba1a,-0.09413833,-0.050331615
Mef2c,Rgs4,0.08403546,0.06617558
Mef2c,Tubb4b,-0.081570104,
Mef2c,Anxa3,-0.07299228,
Mef2c,Ppp1r14a,-0.06932229,
Mef2c,Sat1,-0.06735518,-0.046326943
Mef2c,Tubb5,-0.06508179,-0.046227332
Mef2c,Fibin,0.06314822,
Mef2c,Tubb2a,-0.061450876,
Mef2c,Cd200,0.061271098,
Mef2c,Sparcl1,0.05703999,0.06526758
Mef2c,Myh10,0.056929894,
Mef2c,Itga5,-0.055325594,
Mef2c,Eln,-0.052600615,-0.04290158
Mef2c,Txnip,0.051918406,
Mef2c,Fdps,-0.051335037,
Mef2c,Fmo2,0.05092705,0.08500854
Mef2c,Csrp1,-0.050573748,
Mef2c,Serpine1,-0.049467586,
Mef2c,Tubb6,-0.047861066,-0.0437785
Mef2c,Stbd1,-0.04671453,
Mef2c,Mgp,0.046161782,-0.07409262
Mef2c,Rrad,0.044573788,0.05873643
Mef2c,Zfp36l1,0.04424418,0.045625415
Mef2c,Tnfrsf12a,-0.044226836,
Mef2c,Fbxo32,0.043922424,
Mef2c,Ftl1,-0.043760628,
Mef2c,Gm13889,-0.042621545,
Mef2c,Igfbp4,-0.0422315,
Mef2c,Lgals3,-0.04198555,
Mef2c,Gucy1a1,0.041639574,
Mef2c,Meg3,-0.041617274,
Mef2c,Lbh,0.040849373,
Mef2c,Hspa1a,-0.040277492,
Mef2c,Sost,0.039774552,0.04866131
Mef2c,Ogn,0.0390815,
Mef2c,Bik,0.037812546,
Mef2c,Col15a1,0.03774831,0.066098176
Mef2c,Cald1,0.037743576,0.040814374
Mef2c,Crtc3,0.037572872,
Mef2c,Anxa2,-0.03732429,
Mef2c,Gm11627,-0.03705141,
Mef2c,Rbp4,-0.036666665,
Mef2c,Ttc28,0.03595625,0.054880075
Mef2c,Hspb1,-0.0359232,
Mef2c,Sh3bgr,-0.035685882,0.04931046
Mef2c,Ier3,-0.03564587,-0.065540515
Mef2c,Sgk1,-0.035300743,
Mef2c,Limch1,0.0346307,
Mef2c,Ncam1,0.034556866,
Mef2c,Prpf4b,0.03423377,
Mef2c,Net1,0.034039192,
Mef2c,Cst3,0.033477053,0.0741222
Mef2c,Tm4sf1,,-0.3044475
Mef2c,Lcn2,,-0.23914002
Mef2c,Lum,,-0.16455613
Mef2c,Spp1,,-0.15415032
Mef2c,2210407C18Rik,,0.14028163
Mef2c,Thbs1,,-0.11870262
Mef2c,Acan,,0.11394826
Mef2c,Mt2,,-0.110714674
Mef2c,Vcam1,,-0.09724064
Mef2c,Tnfrsf11b,,-0.094352834
Mef2c,Postn,,0.09273488
Mef2c,Smoc2,,0.09047581
Mef2c,Cp,,-0.08682549
Mef2c,Clu,,-0.086269245
Mef2c,Timp1,,-0.083425045
Mef2c,Ramp1,,0.080628105
Mef2c,Fbln2,,-0.07989056
Mef2c,Fn1,,-0.07851795
Mef2c,Tmsb10,,-0.07508209
Mef2c,Pcp4l1,,0.07442659
Mef2c,Serping1,,0.069431186
Mef2c,Dkk3,,0.06876666
Mef2c,Mfap4,,0.06864804
Mef2c,Sncg,,0.068641484
Mef2c,Plat,,0.060075834
Mef2c,Pi15,,-0.06004815
Mef2c,Npy1r,,0.059896555
Mef2c,Csrp2,,0.058895037
Mef2c,Atp1b1,,0.057701796
Mef2c,Selp,,-0.055890556
Mef2c,Id3,,0.055822562
Mef2c,Sfrp2,,-0.0554803
Mef2c,Plpp3,,-0.054662634
Mef2c,Dcn,,-0.05005353
Mef2c,Pla2g4a,,-0.04953776
Mef2c,Ppic,,0.049221147
Mef2c,Nrtn,,0.04906319
Mef2c,Myh11,,0.0489546
Mef2c,Mgst1,,-0.04886691
Mef2c,Cebpb,,-0.048346765
Mef2c,Msrb1,,0.04828171
Mef2c,Crlf1,,0.047010526
Mef2c,Timp2,,0.04686491
Mef2c,Myl9,,0.04490081
Mef2c,Ptgs2,,-0.042965826
Mef2c,1110008P14Rik,,-0.042620495
Mef2c,Cebpd,,-0.04120221
Nfix,Mustn1,-0.119290285,0.04238384
Nfix,2210407C18Rik,0.09983497,0.068998516
Nfix,Mfap4,0.097622596,0.053459525
Nfix,Itih4,0.094509736,
Nfix,Tcap,0.08147432,
Nfix,Tnfrsf12a,-0.06194769,-0.051636033
Nfix,Stbd1,0.06098649,
Nfix,Nox4,0.05556203,
Nfix,Col1a2,0.054686304,0.060832456
Nfix,Pkp4,0.053203225,
Nfix,Sh3bgr,0.05031556,
Nfix,Junb,-0.04931258,
Nfix,Itgbl1,0.045605283,0.052089423
Nfix,Optc,0.043925215,
Nfix,Mgp,-0.04391006,
Nfix,Des,-0.043203108,
Nfix,St5,0.04254172,
Nfix,Lrrc17,0.04213948,
Nfix,Aspn,-0.04183095,
Nfix,Wfdc1,0.040737174,
Nfix,Srsf5,0.04020608,
Nfix,Sparc,0.040167835,0.053211007
Nfix,Aqp1,0.040053193,
Nfix,Col3a1,0.038358763,0.069222786
Nfix,Gxylt2,0.034038,0.046905734
Nfix,Ccdc80,0.033631776,
Nfix,Eln,,0.08358373
Nfix,Postn,,0.06746935
Nfix,Crlf1,,0.06397499
Nfix,Cp,,-0.059344586
Nfix,Sncg,,0.057940293
Nfix,Cd59a,,0.057476036
Nfix,Serpine1,,-0.056729954
Nfix,Serping1,,0.05256152
Nfix,Thbs1,,-0.04889488
Nfix,Cst3,,0.047789678
Nfix,Rcan1,,-0.04249256
Nfix,Rarres2,,0.041864146
Nfix,S100a4,,0.04132177
Prrx1,Ogn,-0.11559304,
Prrx1,Wif1,-0.10183606,
Prrx1,Mgp,0.09183119,
Prrx1,Fabp4,0.046648,0.07280481
Prrx1,Lmcd1,-0.045903504,
Prrx1,Rgs4,0.04488157,
Prrx1,Fbxl22,-0.037364144,
Prrx1,Spp1,,0.16402957
Prrx1,S100a10,,0.09279527
Prrx1,Fmo2,,-0.08981018
Prrx1,Timp1,,0.088541225
Prrx1,Nme1,,0.08158283
Prrx1,Esd,,0.0785279
Prrx1,Postn,,-0.05901011
Prrx1,Aqp1,,0.054549728
Prrx1,Tubb6,,0.05078729
Prrx1,Mif,,0.05073445
Prrx1,Phlda3,,0.045366976
Prrx1,Pla2g4a,,0.04417075
Id3,S100a4,0.10927098,0.058588967
Id3,Rrad,0.09453483,
Id3,Id2,0.08673179,0.04291555
Id3,Gadd45g,0.08322774,
Id3,Gadd45b,0.073051944,
Id3,Mt1,0.07171703,0.094878614
Id3,Sparcl1,-0.06582985,
Id3,Cebpb,0.06546273,0.058781076
Id3,Ptprz1,-0.06372374,
Id3,Ftl1,0.062074512,0.046071537
Id3,Fgl2,0.0589895,
Id3,Ctsl,0.055360485,0.08007431
Id3,Atp1b1,0.053786352,
Id3,H2afz,0.053125218,0.05720765
Id3,Rhob,0.050351072,
Id3,Klf6,-0.04927935,
Id3,Mt2,0.049050447,0.07653395
Id3,Itga5,-0.047886167,-0.040846974
Id3,Id4,0.047058687,
Id3,Cst3,0.04604293,0.08500686
Id3,Lgals3,0.04571523,
Id3,Sparc,0.045668654,
Id3,Rasl11b,0.045539726,
Id3,Vcan,-0.04341359,
Id3,Bax,0.043250848,
Id3,Sdc4,-0.04256099,
Id3,Dusp1,0.0414394,
Id3,Arl4a,0.039816435,
Id3,Nfkbia,0.039305124,
Id3,Msn,-0.039172556,
Id3,Ccdc80,0.039089367,0.069062114
Id3,Ltbp4,-0.03841257,
Id3,Pcolce2,-0.03836249,
Id3,Errfi1,-0.038189568,
Id3,Igfbp7,0.037920978,
Id3,Junb,0.0376806,
Id3,Col1a1,0.036742467,
Id3,Serpine1,-0.03626786,-0.07153896
Id3,Zfp36l1,0.035877086,
Id3,Dhrs3,-0.035277512,
Id3,Emb,0.03518979,0.04785219
Id3,Crispld2,-0.03492034,
Id3,Pkp4,-0.034287464,
Id3,Fos,0.034157913,
Id3,Smad7,0.033786777,
Id3,1110008P14Rik,0.03339976,0.044425912
Id3,Atp1a2,0.033379566,
Id3,Rarres2,,0.09074954
Id3,Ifitm3,,0.090678
Id3,Frzb,,0.08078813
Id3,Prss23,,-0.07773408
Id3,Clu,,0.07663479
Id3,Ppic,,0.07222933
Id3,Nrtn,,0.06755322
Id3,Lmcd1,,0.06451751
Id3,Ldha,,0.06423943
Id3,Srpx2,,0.06175701
Id3,Rspo3,,0.06127721
Id3,Cox4i2,,0.058088373
Id3,Rcan1,,0.055248085
Id3,Eno1,,0.054557055
Id3,Glipr1,,0.05126373
Id3,Wif1,,0.050359927
Id3,Myl9,,0.049900547
Id3,Gas6,,0.04986496
Id3,Postn,,0.049794782
Id3,S100a10,,-0.049524475
Id3,Fbxl22,,0.047034863
Id3,Net1,,0.045358945
Id3,Mif,,0.0451644
Id3,Scx,,0.04508818
Id3,Mgp,,-0.04427179
Id3,Prdx5,,0.044050615
Id3,Ptgs2,,-0.04400428
Id3,Ramp1,,0.043631323
Id3,Hcfc1r1,,0.04349441
Id3,Bdnf,,-0.043410905
Id3,Cdkn1a,,-0.040700886
Myc,Tcap,0.1051294,
Myc,Rbp4,-0.0668395,
Myc,Mfap4,-0.047268428,-0.06343544
Myc,Ogn,-0.043080848,
Myc,Lmcd1,0.039668143,
Myc,Islr,-0.03670542,
Myc,Serpine1,0.036541086,
Myc,Meg3,-0.03466688,
Myc,Ftl1,0.03328765,
Myc,Spp1,,0.1373871
Myc,Rarres2,,-0.07240998
Myc,Lgals3,,0.063754566
Myc,Sost,,-0.062211923
Myc,Mgp,,0.061826967
Myc,Cxcl12,,0.055325426
Myc,Timp1,,0.053001683
Myc,Col1a1,,-0.047118194
Myc,Lum,,-0.045722358
Myc,Bdh2,,0.045388885
Myc,Cd59a,,-0.044073816
Myc,Anxa2,,0.042545848
Myc,Hsp90aa1,,0.042039264
Myc,Ier3,,0.041580617
Myc,Ppp1r14a,,-0.041574392
Myc,Ccdc3,,-0.040524364
Myc,Col5a2,,-0.040402748
Ebf1,Rbp4,-0.105039224,
Ebf1,Sparcl1,0.06325799,
Ebf1,Eln,-0.06117163,-0.08542722
Ebf1,Mfap4,-0.05870435,-0.06645167
Ebf1,Tm4sf1,-0.052268617,
Ebf1,Fxyd5,-0.04498141,
Ebf1,Sfrp2,-0.043311026,
Ebf1,Des,0.04258948,
Ebf1,Nrtn,0.038037956,
Ebf1,Tppp3,0.036584508,
Ebf1,Prss23,0.036397867,
Ebf1,Rrad,0.03447098,
Ebf1,Mgp,-0.03398313,
Ebf1,Spp1,,0.2896052
Ebf1,Tnfrsf11b,,0.12504052
Ebf1,Lcn2,,0.112368606
Ebf1,Igfbp2,,-0.06792777
Ebf1,Actg2,,-0.0624533
Ebf1,Crlf1,,-0.062035464
Ebf1,Lox,,-0.059234086
Ebf1,Fn1,,-0.05882207
Ebf1,Mustn1,,0.05861335
Ebf1,Sparc,,-0.056652498
Ebf1,Sost,,-0.05390954
Ebf1,Ppic,,-0.052493248
Ebf1,Col1a1,,-0.04868994
Ebf1,Nupr1,,-0.047899604
Ebf1,Anxa3,,-0.04633044
Ebf1,Col1a2,,-0.04451141
Ebf1,Ltbp2,,-0.044402864
Ebf1,Tsc22d1,,0.043692753
Ebf1,Timp2,,-0.04335443
Ebf1,Gas6,,0.0410744
Klf6,Fibin,-0.102899335,
Klf6,Apoe,-0.09400761,
Klf6,Wif1,-0.0902324,
Klf6,Mylk4,0.08631114,0.16798887
Klf6,Itih4,-0.08500616,
Klf6,Rrad,-0.08282779,
Klf6,Id1,-0.07770384,
Klf6,Tcap,-0.076103225,
Klf6,Egr1,0.075318806,
Klf6,Fn1,0.075205885,0.07174726
Klf6,Ier3,0.07412519,
Klf6,Klf2,0.06996453,0.04342917
Klf6,Col15a1,0.06251379,
Klf6,Lgals3,0.06126176,0.07964729
Klf6,Anxa3,0.055908594,0.050120015
Klf6,Sncg,0.054742914,
Klf6,Tpm4,0.05045622,
Klf6,Fxyd5,0.050334923,
Klf6,Sh3bgr,-0.05032212,-0.04844826
Klf6,Cav1,0.048086815,0.07937019
Klf6,S100a4,0.047640856,0.040349882
Klf6,Nrtn,-0.046112057,
Klf6,Osr1,-0.044835426,
Klf6,Des,-0.044528496,
Klf6,Tubb4b,-0.043363288,
Klf6,Ier2,0.043101713,
Klf6,Ppp1r15a,0.042245585,
Klf6,Tubb5,-0.041423663,
Klf6,Prss23,0.041213803,0.059785213
Klf6,Npy1r,0.040595252,
Klf6,Gm13889,0.040373504,
Klf6,Atf3,0.039998222,
Klf6,Id3,-0.039562467,-0.049360834
Klf6,Timp2,0.039299496,
Klf6,Smim5,-0.038984943,
Klf6,Ccdc80,0.038382918,
Klf6,Col1a2,0.03752944,
Klf6,Vcan,-0.03706816,
Klf6,Ttc28,0.037025787,
Klf6,Ckb,-0.036860045,-0.05049725
Klf6,Nr4a1,0.03677038,
Klf6,Cdc42ep3,0.036530014,
Klf6,Cd109,0.03651504,0.0435136
Klf6,Lox,0.03622341,-0.08735818
Klf6,Zfp36,0.03553549,
Klf6,Txnip,-0.03551194,
Klf6,Ccdc3,0.035252128,
Klf6,Gata6,0.035129353,
Klf6,Nfia,0.034988176,
Klf6,Nr1d1,0.034265425,
Klf6,Msrb1,-0.03384811,
Klf6,Cebpb,-0.033241864,
Klf6,Lcn2,,-0.19911735
Klf6,Lum,,-0.16367899
Klf6,Smoc2,,-0.15386756
Klf6,Cxcl12,,-0.124430135
Klf6,S100a10,,0.09791898
Klf6,2210407C18Rik,,-0.09504345
Klf6,Serping1,,-0.09029809
Klf6,Ctsh,,-0.085564986
Klf6,Cdkn1a,,0.082528874
Klf6,Cfh,,0.07441585
Klf6,Actg2,,-0.07380613
Klf6,Ppp1r14b,,0.070804365
Klf6,Col3a1,,-0.066925675
Klf6,Tnc,,-0.06481559
Klf6,Postn,,-0.06453002
Klf6,Timp3,,0.06424011
Klf6,Hsp90aa1,,0.061205916
Klf6,Tmem176b,,-0.060867727
Klf6,Por,,0.060138162
Klf6,Col1a1,,-0.058671203
Klf6,2200002D01Rik,,-0.057858646
Klf6,Fbln2,,-0.055457044
Klf6,Acan,,-0.054691028
Klf6,Spint2,,-0.05417985
Klf6,Crip1,,0.053832907
Klf6,Hspb1,,0.05332203
Klf6,Crlf1,,-0.052758902
Klf6,Scx,,-0.05235397
Klf6,Rarres2,,-0.052145816
Klf6,Odc1,,0.051909644
Klf6,Anxa2,,0.051504288
Klf6,Vwa1,,-0.05150101
Klf6,Phlda3,,0.05118334
Klf6,Bax,,0.05106586
Klf6,Olfr1033,,-0.050322752
Klf6,Hsph1,,0.050054315
Klf6,Vim,,0.04923641
Klf6,Anxa1,,0.04852291
Klf6,H3f3b,,0.04774605
Klf6,Nes,,0.047367528
Klf6,Emp1,,0.045329746
Klf6,Prex2,,0.045262072
Klf6,Plaur,,0.043700803
Klf6,Nme1,,0.043541726
Klf6,Esd,,0.043267116
Klf6,Tmem176a,,-0.043118022
Klf6,Aqp1,,0.042751566
Klf6,Meg3,,0.04249625
Klf6,Itga1,,-0.04247556
Klf6,Htra3,,-0.04212722
Klf6,Atf4,,0.041944724
Klf6,Cox4i2,,-0.041477915
Klf6,Ndn,,-0.041391503
Klf6,Gadd45b,,0.04123678
Klf6,Cryab,,0.04111699
Klf6,Timp1,,-0.040794484
Klf6,Ifrd1,,0.04035774
Klf6,Rtn4,,0.040188376
Atf4,Rbp4,-0.09939498,
Atf4,Actg2,-0.06852843,
Atf4,Mustn1,0.06322467,
Atf4,Tuba1a,0.04828423,0.082224
Atf4,Meg3,0.04190408,
Atf4,Fxyd5,,0.10719778
Atf4,S100a10,,0.080325305
Atf4,Tpm4,,0.07861491
Atf4,Ube2s,,0.07856596
Atf4,Mt1,,-0.077898875
Atf4,Plaur,,0.07736285
Atf4,Hspb1,,0.0676692
Atf4,Atf5,,0.056765117
Atf4,Col1a2,,-0.051839475
Atf4,Aqp1,,0.04868403
Atf4,Tubb2a,,0.04647684
Atf4,Mgp,,-0.044447232
Atf4,Hspd1,,0.041972652
Atf4,Aen,,0.04151815
Atf4,Fn1,,-0.041330647
Atf4,Srm,,0.040606603
Nr2f2,Tcap,0.09887057,
Nr2f2,Actg2,0.046186883,
Nr2f2,Des,0.04597517,
Nr2f2,Mustn1,0.045318045,
Nr2f2,Mfap4,-0.04095555,
Nr2f2,Fxyd5,,-0.07858954
Id4,Vcan,0.09848318,
Id4,Sparcl1,0.094518796,0.11524407
Id4,Rrad,0.07617406,
Id4,Art3,0.0748759,
Id4,Itgbl1,-0.06888414,
Id4,Id2,0.059052132,0.042777684
Id4,S100a4,-0.05681821,-0.05136704
Id4,Ptprz1,-0.054392714,
Id4,Mgp,0.053948347,-0.06918817
Id4,Arl4a,0.052428655,
Id4,Nupr1,-0.046492632,
Id4,Tinagl1,-0.04541597,
Id4,Lmcd1,-0.04472815,
Id4,Csrp1,-0.044261344,
Id4,Pcolce2,-0.043643896,
Id4,Acan,0.04287114,0.041704576
Id4,Tsc22d1,0.042221226,
Id4,Fas,-0.040960316,
Id4,Pkp4,-0.040603627,
Id4,Junb,-0.035999585,
Id4,Lgals3,-0.035987347,
Id4,Sost,0.03520411,
Id4,F3,0.034458566,
Id4,Sparc,-0.03406341,
Id4,Esam,0.033982128,
Id4,Col1a1,-0.03319011,-0.045271996
Id4,Fbln2,,-0.10926427
Id4,Gas6,,-0.07981062
Id4,Vcam1,,-0.07652162
Id4,Tmsb10,,-0.06684493
Id4,Rarres2,,0.060610794
Id4,Fgl2,,0.05835644
Id4,Postn,,0.055996347
Id4,Nrtn,,0.054380886
Id4,Prss23,,0.04786856
Id4,Ctsl,,-0.047232024
Id4,Slco2a1,,-0.04504557
Id4,Id3,,0.04286467
Id4,Timp1,,-0.04086574
Dbp,Nr1d1,0.04066394,
Dbp,Klf9,0.03479204,
Dbp,Nrtn,0.03313473,
Dbp,Cfh,,0.10709073
Dbp,Mgp,,0.09549273
Dbp,Timp1,,0.06458168
Dbp,Tmsb10,,0.06214084
Dbp,Postn,,-0.045961656
Dbp,Tsc22d1,,0.044511907
Dbp,Tpm4,,0.041996703
Dbp,Msrb1,,0.04057766
Prrx2,Cfh,-0.09332194,
Prrx2,Actg2,0.06253552,
Nr1d1,Dbp,0.092075884,
Nr1d1,Fabp4,0.05753782,0.05654721
Nr1d1,Nfkbia,0.04809136,
Nr1d1,Ecm2,-0.04616514,
Nr1d1,Ccdc85b,0.044526566,
Nr1d1,Gadd45b,0.04321371,
Nr1d1,Itga5,0.03885519,
Nr1d1,Hbegf,0.037580665,
Nr1d1,Npy1r,-0.035563033,
Nr1d1,Clu,-0.035188805,
Nr1d1,Gm13889,,0.09780422
Nr1d1,Vcam1,,-0.08359171
Nr1d1,Selp,,-0.07163433
Nr1d1,Map4k4,,-0.06839183
Nr1d1,Crip1,,0.06235256
Nr1d1,Timp1,,-0.0605738
Nr1d1,Postn,,0.06045131
Nr1d1,Tagln,,0.053640135
Nr1d1,Lmcd1,,0.05326505
Nr1d1,Mmp14,,-0.05311844
Nr1d1,Gja1,,-0.052381586
Nr1d1,Odc1,,0.049440715
Nr1d1,Hspb1,,0.044005938
Nr1d1,Anxa2,,0.04395211
Nr1d1,Fbxl22,,0.042461857
Nr1d1,Ube2s,,0.040312823
Foxp2,Mgp,-0.08926546,-0.056684442
Foxp2,Wif1,0.08835037,
Foxp2,Plcb4,0.049852237,
Foxp2,Sh3bgr,0.044474814,
Foxp2,Itga1,0.04328764,
Foxp2,Myh11,0.038671844,
Foxp2,S100a10,-0.037897177,
Foxp2,Ppp1r12a,0.03695897,
Foxp2,Dusp1,-0.03356268,
Id2,S100a4,-0.08437586,0.05891072
Id2,Nupr1,-0.08138978,-0.046348
Id2,Wif1,-0.07975082,
Id2,Serpine1,-0.07959695,
Id2,Fbxl22,0.07429693,
Id2,Sost,0.07399023,0.052136954
Id2,Id4,0.07222666,
Id2,Nrtn,0.06362384,
Id2,Mgp,-0.06301241,-0.07336607
Id2,Pkdcc,0.06074061,
Id2,Lmcd1,-0.05846845,0.07606386
Id2,Pdlim4,0.057309974,
Id2,Myl9,0.05606477,0.07003764
Id2,Id3,0.055424783,0.065628275
Id2,Gstm1,0.054682195,
Id2,Klf2,-0.054193698,-0.048045877
Id2,Csrp1,0.052661356,0.07458124
Id2,Emb,0.050362486,
Id2,Gm11627,0.050192337,0.044953585
Id2,Nfkbia,0.047663756,
Id2,Tinagl1,0.0473144,0.06418273
Id2,Tpm1,0.047068145,0.056511886
Id2,Msn,-0.04609898,
Id2,Gas6,-0.044041183,0.055311695
Id2,Cst3,-0.043550253,
Id2,Dhrs3,0.04224745,
Id2,Dact3,0.039634418,
Id2,Hspa8,-0.039603177,
Id2,Acan,-0.03955607,
Id2,Bax,0.03941292,0.07013939
Id2,Btg2,-0.039094526,
Id2,Stum,0.03882807,
Id2,Ace,-0.038311675,
Id2,Gadd45g,0.037980452,0.0528926
Id2,Dusp1,0.037880678,0.043728795
Id2,Dkk3,-0.037049603,0.041906703
Id2,Lbh,-0.03673111,
Id2,Nme1,0.03498746,
Id2,Fbxo32,0.0348887,
Id2,Itgbl1,-0.03471417,
Id2,Ramp1,,0.13218237
Id2,Mt1,,-0.10677428
Id2,Timp1,,-0.10420836
Id2,Vcam1,,-0.10261315
Id2,Rarres2,,0.101676784
Id2,Prss23,,0.10055767
Id2,Crip1,,0.0901096
Id2,S100a10,,0.0731853
Id2,Csrp2,,0.06866905
Id2,Tmsb10,,0.06466788
Id2,Sparcl1,,0.061446484
Id2,Anxa2,,0.06132534
Id2,Rcan1,,-0.057873115
Id2,Postn,,0.057650823
Id2,Vim,,0.0559505
Id2,Myh11,,0.05431978
Id2,Anxa1,,0.05241165
Id2,Lgals3,,0.05195464
Id2,Tnfrsf12a,,0.049023286
Id2,Hsph1,,0.04668928
Id2,Mt2,,-0.046342492
Id2,Fgl2,,0.04240942
Id2,Ptma,,0.04089047
Id2,Hcfc1r1,,0.04078801
Rora,Tcap,-0.08508534,
Rora,Fn1,0.06872996,
Rora,Des,0.058998328,
Rora,Fabp4,-0.053615488,-0.05579815
Rora,Lox,0.043946523,0.06685412
Rora,Actg2,0.043398462,
Rora,Rgs4,0.036798175,
Rora,Synpo2,0.036178976,0.04367228
Rora,Lmcd1,0.033879116,0.04075605
Rora,Timp1,,-0.08510118
Rora,Rarres2,,0.07107231
Rora,Gm13889,,0.070369706
Rora,Cd59a,,0.06796188
Rora,S100a4,,-0.06412951
Rora,Sh3bgr,,0.061127044
Rora,Col6a3,,0.05228601
Rora,Igfbp2,,0.05103466
Rora,Olfr1033,,0.050971396
Rora,Scx,,0.048784595
Rora,Ppp1r14b,,-0.048619837
Rora,Aqp1,,-0.048089903
Rora,Myh11,,0.04436927
Rora,Nhp2,,-0.04337529
Rora,Vwa1,,0.043171424
Rora,Csrp1,,0.041848354
Rora,Fbxl22,,0.04055923
Hmga2,Ncam1,0.0847334,
Hmga2,Col1a1,0.056063496,
Hmga2,Hist1h1c,-0.044612855,
Hmga2,Lmo4,-0.04408612,
Hmga2,Atf3,-0.03776867,
Hmga2,Esd,-0.036158144,
Hmga2,Plcb4,-0.03419967,
Hmga2,Timp1,,0.05526214
Hmga2,Ccnd1,,0.04781047
Tcf7l2,Rgs5,0.08386982,
Tcf7l2,Rbp4,0.07271365,
Tcf7l2,Ogn,0.046615697,0.081791446
Tcf7l2,Serpine1,-0.03968168,-0.04710671
Tcf7l2,Fxyd5,-0.0332598,-0.061050687
Tcf7l2,Spp1,,-0.14342383
Tcf7l2,Lcn2,,0.13098781
Tcf7l2,Cd200,,0.07997129
Tcf7l2,Gas6,,0.07990051
Tcf7l2,Col15a1,,-0.06613536
Tcf7l2,Tnfrsf11b,,-0.06544698
Tcf7l2,Crlf1,,-0.06310585
Tcf7l2,Thbs1,,-0.057355873
Tcf7l2,Meg3,,-0.053490173
Tcf7l2,Fabp4,,0.050252836
Tcf7l2,Tuba1a,,-0.049680654
Tcf7l2,Sncg,,0.048814356
Tcf7l2,Gja1,,-0.0464818
Tcf7l2,Phlda3,,0.044984028
Tcf7l2,Nes,,-0.04495976
Tcf7l2,Eln,,-0.043226067
Tcf7l2,Lum,,0.042773638
Tcf7l2,Clu,,0.042613644
Tcf7l2,Cdo1,,0.042489573
Tcf7l2,Fmo3,,0.04246412
Tcf7l2,Col6a3,,-0.04062578
Nfia,Sparcl1,0.082972586,
Nfia,Synpo2,0.07932822,
Nfia,Itih4,-0.075454965,
Nfia,S100a4,-0.073620126,-0.05698098
Nfia,Gadd45g,0.067147136,
Nfia,Prss23,0.060562015,
Nfia,Ncam1,0.054445967,
Nfia,Ifitm3,-0.052579906,
Nfia,Optc,0.050106436,
Nfia,Mgp,-0.047692645,
Nfia,Myh11,0.044740718,
Nfia,Cav1,0.043391954,
Nfia,Serpine1,0.041417573,
Nfia,Sncg,-0.040265217,
Nfia,Timp3,0.03975443,
Nfia,Tnfrsf12a,-0.038289327,
Nfia,Islr,0.03762338,0.04666735
Nfia,Txnip,0.037423503,
Nfia,Cped1,0.03696099,
Nfia,Atf3,-0.036506023,
Nfia,Filip1,0.036287334,
Nfia,2210407C18Rik,-0.03581292,
Nfia,Mfap4,0.035086203,0.062708065
Nfia,Ftl1,-0.033302046,
Nfia,Timp4,-0.033259965,
Nfia,Fn1,,0.07398576
Nfia,Sost,,0.073445715
Nfia,Cp,,-0.07310795
Nfia,Lgals3,,-0.07044561
Nfia,Hspb1,,-0.06552379
Nfia,Serping1,,-0.056023907
Nfia,Col1a2,,0.045124978
Nfia,Eln,,0.040931255
Thrb,Rbp4,0.08261887,
Thrb,Fmo2,0.041605905,0.06869483
Thrb,Pcp4l1,,0.045087207
Esr1,Tcap,0.08251147,
Esr1,Csrp1,0.044288967,0.069130026
Esr1,Ckb,0.042806003,0.05450881
Esr1,Ppp1r14a,0.042794503,0.0973042
Esr1,Actg2,0.037862472,
Esr1,Msrb1,0.036293443,0.09865808
Esr1,Nupr1,-0.033395972,
Esr1,Fn1,-0.033272788,
Esr1,Tnfrsf11b,,-0.14931688
Esr1,Vcam1,,-0.10091281
Esr1,Plpp3,,-0.09555939
Esr1,Spint2,,0.07762544
Esr1,Ramp1,,0.07608036
Esr1,Sh3bgr,,0.07392283
Esr1,Myl9,,0.066461354
Esr1,Col1a1,,-0.06619634
Esr1,Fbxl22,,0.06189337
Esr1,Pi15,,-0.058744147
Esr1,2200002D01Rik,,0.057926435
Esr1,Ccdc3,,0.057921957
Esr1,Hspb1,,0.05142925
Esr1,Fmo2,,0.050260313
Esr1,Tagln,,0.050174214
Esr1,Cd59a,,0.048928786
Esr1,Sost,,0.04755724
Esr1,Tinagl1,,0.04685613
Esr1,Myh11,,0.046691313
Esr1,Arid5b,,0.04452791
Esr1,Olfr1033,,0.044354327
Esr1,Ogn,,0.044283137
Esr1,Pcp4l1,,0.044092886
Esr1,Lmcd1,,0.043179594
Esr1,Filip1l,,0.042322095
Esr1,Htra3,,0.041386638
Esr1,St5,,0.040244117
Arid5b,Filip1l,0.04974937,
Arid5b,Tnfrsf12a,0.048050795,
Arid5b,Mt1,-0.03655092,
Arid5b,Malat1,,0.06267463
Arid5b,Pi15,,-0.0413594
Nr4a2,Actg2,-0.08098396,
Nr4a2,Fibin,0.052053876,
Nr4a2,1190005I06Rik,-0.043918647,
Nr4a2,Mustn1,0.038568325,
Nr4a2,Vcan,0.035366297,
Nr4a2,Igfbp4,-0.034354847,
Nr4a2,Aspn,0.034254972,
Nr4a2,Fn1,0.033726536,
Nr4a2,Nupr1,0.033678085,
Nr4a2,Spp1,,-0.18301848
Nr4a2,Lcn2,,0.10111431
Nr4a2,Ramp1,,-0.059073284
Nr4a2,Msmo1,,-0.047698177
Nr4a2,Rarres2,,-0.044503953
Klf13,Rbp4,-0.079118006,
Klf13,Lgals3,0.0775387,
Klf13,Prss23,0.07583467,0.04800907
Klf13,S100a10,0.06346179,0.048625737
Klf13,Itih4,-0.061385244,
Klf13,Mustn1,0.059229545,
Klf13,Timp3,0.05607064,
Klf13,Col15a1,0.053425785,0.061969407
Klf13,Hspa1a,0.04532091,
Klf13,Anxa2,0.04432326,
Klf13,Gm13889,0.042437535,
Klf13,Cav1,0.0407363,0.05078209
Klf13,Fxyd5,0.0360776,
Klf13,Sfrp2,0.034598492,
Klf13,Sncg,0.03386735,
Klf13,Ttc28,0.03343126,
Klf13,Lcn2,,-0.12359762
Klf13,Cxcl12,,-0.090915285
Klf13,Lum,,-0.07622692
Klf13,Timp1,,-0.06955917
Klf13,Ccdc3,,0.06310374
Klf13,Bax,,-0.062755086
Klf13,Malat1,,0.061849944
Klf13,Tmsb10,,-0.05518248
Klf13,Crlf1,,0.05402903
Klf13,Fbln2,,-0.053346235
Klf13,Crip1,,0.05279865
Klf13,Sparcl1,,0.047537956
Klf13,Ctsl,,-0.04503489
Klf13,Prdx5,,-0.045021977
Klf13,Myh11,,0.044143252
Klf13,Nme1,,-0.04375154
Klf13,Fkbp11,,-0.042527005
Klf13,Lbh,,-0.04220493
Klf13,Tmem176b,,-0.04175159
Klf13,Cldn3,,-0.04085757
Klf13,Glipr1,,-0.040804487
Klf13,Igfbp2,,-0.040667653
Hes1,Rbp4,-0.076562695,
Hes1,Gadd45b,0.052051872,0.0413792
Hes1,Gadd45g,0.046574183,
Hes1,Id1,0.04349577,
Hes1,Dbp,-0.04121146,
Hes1,Sfrp2,-0.038170647,
Hes1,Fn1,-0.03759444,-0.06573617
Hes1,Gm13889,0.03608685,
Hes1,Sparcl1,0.03525415,-0.056038126
Hes1,Ier3,0.03362794,
Hes1,Spp1,,0.27257735
Hes1,Smoc2,,0.13380598
Hes1,Prss23,,-0.080774724
Hes1,Lgals3,,-0.078695446
Hes1,Col1a1,,0.07699741
Hes1,Id3,,0.07649708
Hes1,Crip1,,-0.07439672
Hes1,Acan,,0.07407438
Hes1,S100a10,,-0.0738556
Hes1,Gas6,,0.0733588
Hes1,Mt1,,-0.071958706
Hes1,Ppic,,0.06760602
Hes1,Eln,,0.066467315
Hes1,Col3a1,,0.05784354
Hes1,Ctsl,,0.05397278
Hes1,Timp2,,0.053542506
Hes1,Fbln2,,0.052678425
Hes1,Cldn3,,0.05012935
Hes1,Sost,,0.048617583
Hes1,Mt2,,-0.046117377
Hes1,Actg2,,-0.04608218
Hes1,Ramp1,,0.045296635
Hes1,Tpm4,,0.04523413
Hes1,Nfkbia,,0.044977557
Hes1,Anxa2,,-0.044438083
Hes1,Phlda3,,0.04225984
Hes1,Htra3,,0.04130172
Hes1,Gstm1,,-0.04101382
Hes1,Pla2g4a,,-0.040490244
Nr4a3,Actg2,0.073299184,
Nr4a3,Ckb,0.039451115,
Nr4a3,Spp1,,-0.13884367
Nr4a3,Lcn2,,-0.079340875
Nr4a3,Prss23,,0.075291395
Nr4a3,Vcam1,,-0.06649318
Nr4a3,Fbln2,,-0.0632726
Nr4a3,Col15a1,,0.060753576
Nr4a3,Fgl2,,0.051140063
Nr4a3,Phlda3,,-0.047928613
Nr4a3,Lgals3,,0.04619488
Nr4a3,Lmcd1,,0.046016987
Nr4a3,Ctsl,,-0.04406289
Nr4a3,Timp3,,0.04368181
Nr4a3,Ptgs2,,0.043529168
Nr4a3,Hbegf,,0.043264743
Nr4a3,Cdkn1a,,-0.040614333
Atf5,Fn1,0.07117193,
Atf5,Anxa2,0.036912683,0.040477715
Atf5,Actg2,-0.034367833,
Atf5,Spp1,,-0.20826654
Atf5,Tnfrsf11b,,-0.07238217
Atf5,Tuba1a,,0.06981767
Atf5,Ftl1,,0.048700355
Atf5,Cdkn1a,,0.045173835
Atf5,Mgp,,-0.040707264
Atf5,Tagln,,0.040284183
Nr1d2,Actg2,-0.06743662,
Nr1d2,S100a4,0.048889983,
Nr1d2,Dbp,0.04089083,
Cebpb,Apoe,0.05748484,
Cebpb,Prss23,-0.052340087,-0.06518278
Cebpb,Rbp4,0.051779833,
Cebpb,Cebpd,0.047401547,0.112070255
Cebpb,Gadd45g,0.04486889,
Cebpb,Anxa3,-0.044857286,
Cebpb,Junb,0.040764123,
Cebpb,Rgs4,0.040263377,
Cebpb,Wif1,0.039471623,
Cebpb,Cav1,-0.03905437,-0.047182444
Cebpb,Id1,0.037139487,
Cebpb,S100a10,-0.036956374,-0.0424113
Cebpb,Id3,0.0352489,0.057877194
Cebpb,Plcb4,-0.035039175,
Cebpb,Mt1,0.034723174,0.17077899
Cebpb,Tinagl1,-0.03401077,
Cebpb,Mgp,0.03353711,
Cebpb,Lcn2,,0.17863193
Cebpb,Eln,,-0.13132368
Cebpb,Lum,,0.12075224
Cebpb,Crlf1,,-0.11563548
Cebpb,Tmem176b,,0.11263437
Cebpb,Clu,,0.11075573
Cebpb,Cxcl12,,0.094254
Cebpb,Fn1,,-0.09401856
Cebpb,Tmem176a,,0.091163635
Cebpb,Mt2,,0.08674318
Cebpb,Acan,,-0.08415036
Cebpb,Thbs1,,-0.08232357
Cebpb,Col15a1,,-0.080785
Cebpb,Sat1,,0.076152764
Cebpb,Cp,,0.07445236
Cebpb,Selp,,0.07081581
Cebpb,Postn,,-0.070646085
Cebpb,Gas6,,0.06785853
Cebpb,Ctsl,,0.06689126
Cebpb,Col6a3,,-0.06293266
Cebpb,Cxcl16,,0.060883224
Cebpb,S100a4,,-0.060126655
Cebpb,Rasl11a,,0.05936005
Cebpb,Frzb,,0.059321925
Cebpb,Serpinb6b,,0.057767734
Cebpb,Fgl2,,-0.057287153
Cebpb,Tagln,,-0.056263216
Cebpb,Fxyd5,,-0.055036195
Cebpb,Hbegf,,-0.054981656
Cebpb,Itih4,,0.05341812
Cebpb,Gja1,,-0.05280935
Cebpb,Ptgs2,,-0.049429245
Cebpb,Cd109,,-0.049304172
Cebpb,Serping1,,0.04893698
Cebpb,Timp3,,-0.04891734
Cebpb,Glrx,,0.04823547
Cebpb,Cdkn1a,,0.048043236
Cebpb,Ttc9,,-0.047921594
Cebpb,Mif,,0.04762921
Cebpb,Pi15,,-0.046738386
Cebpb,Aqp1,,-0.04572762
Cebpb,Ifitm3,,0.045586936
Cebpb,Map4k4,,0.04455169
Cebpb,Pnrc1,,0.04255143
Cebpb,2200002D01Rik,,0.04251835
Cebpb,Col1a1,,-0.04227521
Cebpb,1110008P14Rik,,0.041851867
Cebpb,Dkk3,,-0.041364934
Cebpb,Phlda3,,0.040283162
Osr1,Klf2,-0.057570215,
Osr1,Mustn1,-0.055025376,
Osr1,Id1,-0.050098367,
Osr1,Sparc,0.049017895,
Osr1,Jund,0.04880301,
Osr1,Gxylt2,0.048802834,
Osr1,Optc,0.048584744,0.042516652
Osr1,Wif1,-0.047699448,
Osr1,Crip1,-0.04519761,0.08481686
Osr1,Gucy1b1,0.043289144,
Osr1,Mtus2,-0.038968097,
Osr1,Dusp1,0.038964298,
Osr1,Nfkbia,0.038298354,
Osr1,Sost,0.038137954,
Osr1,Emb,0.038123008,
Osr1,Col6a3,-0.037919827,
Osr1,Itga5,-0.036977336,
Osr1,Gata6,0.036573257,
Osr1,Fos,0.033503424,
Osr1,Klf6,-0.033311646,
Osr1,Btg2,0.033107616,
Osr1,Clu,,-0.092131376
Osr1,Tagln,,0.07798503
Osr1,Myl9,,0.07513758
Osr1,Mgp,,-0.07026189
Osr1,Serpinb6b,,0.0696792
Osr1,Ramp1,,0.06520198
Osr1,Tpm1,,0.04862337
Osr1,Timp3,,0.042814374
Osr1,Esm1,,0.042606387
Osr1,Myh11,,0.04206971
Osr1,Dcn,,-0.041281026
Osr1,Filip1l,,0.040455084
Zfp281,Rbp4,-0.06627438,
Zfp281,Rgs5,-0.050661143,
Zfp281,Mustn1,0.041140378,0.04171399
Zfp281,Gm13889,0.036153074,
Zfp281,Sfrp2,-0.03351801,
Zfp281,Lcn2,,0.16325334
Zfp281,Mt1,,0.08897727
Zfp281,Lum,,0.07059797
Zfp281,Mt2,,0.05548222
Zfp281,Fn1,,-0.048276305
Zfp281,Fbln2,,-0.047943354
Zfp281,Tmsb10,,-0.047357593
Zfp281,Rcan1,,0.046788227
Zfp281,Bax,,-0.043398853
Mybl1,S100a4,0.06570469,
Mybl1,Eln,-0.05687074,
Mybl1,Sparcl1,0.04979737,
Mybl1,Col1a2,-0.043483373,
Mybl1,Mustn1,0.041221548,
Mybl1,Sparc,-0.037140597,
Mybl1,Tppp3,0.036501095,
Mybl1,St5,-0.035605654,
Mybl1,1190005I06Rik,-0.03477561,
Mybl1,Mfap4,-0.034629468,
Mybl1,Mgp,,-0.07184953
Mybl1,Fbln2,,0.06570194
Mybl1,Fabp4,,-0.05552741
Mybl1,Col1a1,,0.054805685
Mybl1,Ankrd1,,0.053367145
Mybl1,Cd200,,-0.05307218
Mybl1,Phlda3,,0.05235987
Mybl1,Mt1,,-0.0465297
Mybl1,Cdkn1a,,0.04497509
Mybl1,Ptgs2,,-0.040231925
Mbd1,Tcap,0.06166092,
Mbd1,Sncg,,0.054581188
Mbd1,Clu,,-0.048679926
Pou3f1,Meg3,0.05756061,
Pou3f1,Tcap,0.050981008,
Pou3f1,Spp1,,-0.13332452
Pou3f1,Ogn,,0.09329274
Pou3f1,Smoc2,,-0.064871095
Pou3f1,Vcam1,,0.058378316
Pou3f1,Fn1,,0.049655396
Pou3f1,Cfh,,0.04570935
Pou3f1,Malat1,,-0.042720363
Pou3f1,Esd,,-0.04195944
Pou3f1,Sfrp2,,0.041591976
Irf1,Gadd45g,0.05736351,
Irf1,Meg3,0.05503353,
Irf1,Gadd45b,0.043543484,
Irf1,Ier3,0.040714476,
Irf1,Tm4sf1,,0.1550792
Irf1,Cfh,,-0.081245765
Irf1,Mgp,,0.0702757
Irf1,Eln,,0.067116216
Irf1,Cxcl12,,0.064659625
Irf1,Col1a2,,0.061566107
Irf1,Lgals3,,-0.055826694
Irf1,Acan,,0.053724617
Irf1,Nfkbia,,0.047458354
Irf1,Esd,,-0.04689114
Irf1,Lcn2,,0.04566096
Irf1,Hspb1,,-0.045595862
Irf1,Fxyd5,,-0.04506641
Irf1,Fdps,,-0.04472077
Irf1,Cd200,,0.044567954
Irf1,Ltbp2,,0.043966107
Irf1,Myh10,,0.04389262
Irf1,Junb,,0.042653695
Irf1,Ppic,,0.04205917
Irf1,Fbln2,,0.041130435
Irf1,Prss23,,-0.04055563
Cebpd,Timp1,,0.075333655
Cebpd,Clu,,0.06258114
Cebpd,Fabp4,,0.049974486
Cebpd,Nme1,,-0.04935818
Cebpd,Fn1,,-0.048681203
Cebpd,Tinagl1,,-0.042319763
Cebpd,Myh11,,-0.040266823
Foxf1,Fn1,-0.055720538,
Foxf1,Cidea,0.043561537,
Foxf1,Sparc,-0.03399353,
Foxf1,Sost,,0.076372705
Hmga1,Rasl11a,-0.054562822,
Hmga1,Sgk1,-0.05096642,
Hmga1,Anxa1,-0.049212087,0.040867615
Hmga1,Atf3,-0.04718146,
Hmga1,Rhob,0.045046523,
Hmga1,Col1a1,-0.042673804,-0.092979774
Hmga1,Timp3,-0.039326742,
Hmga1,Tnfrsf12a,-0.03917232,
Hmga1,Ncam1,-0.038596403,
Hmga1,Serpine1,-0.038454495,0.06085834
Hmga1,Arid5b,-0.037240103,
Hmga1,Tuba1b,0.037108436,0.053908903
Hmga1,Fbxl22,0.034839697,
Hmga1,Spp1,-0.03323077,
Hmga1,Col3a1,,-0.14331906
Hmga1,Cryab,,0.13325588
Hmga1,Timp1,,0.13175754
Hmga1,Eln,,-0.12174169
Hmga1,Esd,,0.10893598
Hmga1,Inhba,,0.093700975
Hmga1,Anxa2,,0.086459875
Hmga1,Thbs1,,0.084177375
Hmga1,Ptgs2,,0.076493904
Hmga1,Col1a2,,-0.072533846
Hmga1,Cd44,,0.07114018
Hmga1,Ftl1,,0.06768789
Hmga1,Csrp2,,-0.059887785
Hmga1,Rtn4,,0.058817383
Hmga1,Emp1,,0.058154497
Hmga1,Cped1,,-0.05420817
Hmga1,Vim,,0.053728886
Hmga1,Hcfc1r1,,-0.052198414
Hmga1,Tubb5,,0.05199613
Hmga1,Cd200,,-0.050546445
Hmga1,Myh11,,-0.048604637
Hmga1,Tagln,,-0.044274785
Hmga1,Gja1,,0.04380432
Hmga1,Col5a2,,-0.042298336
Klf10,Mfap4,-0.052356828,
Klf10,Anxa3,-0.03734793,
Klf10,Ppp1r14a,-0.03655177,
Klf10,Eln,,0.056543577
Klf10,Gpx7,,0.05492276
Klf10,Col1a1,,0.054197915
Klf10,Fbln2,,0.04721167
Klf10,Bax,,0.044126768
Klf10,Mt1,,-0.04065285
Egr2,Tcap,0.05183632,
Egr2,Prss23,0.049070537,0.0414864
Egr2,S100a10,0.046318185,
Egr2,Apoe,-0.043666173,
Egr2,Gm13889,0.03532259,0.04914768
Egr2,Crlf1,,0.07259936
Egr2,Lcn2,,-0.071502805
Egr2,Tnfrsf11b,,0.05442732
Egr2,Lum,,-0.04914445
Egr2,Cxcl12,,-0.045050416
Egr2,Tmem176b,,-0.042245787
Foxa2,Smoc2,0.05052038,
Foxa2,Crlf1,0.044200864,
Foxa2,Postn,0.03740515,
Foxa2,S100a10,-0.036530003,
Foxa2,Fxyd5,0.035044387,
Foxa2,Lox,0.034346215,
Gata6,Osr1,0.05030658,
Gata6,Id1,0.049300313,
Gata6,Fabp4,0.045402776,
Gata6,Col1a2,0.04046732,0.07627497
Gata6,Cdkn1a,0.03774155,0.045710072
Gata6,Fos,0.034934543,
Gata6,Nfkbia,0.033139057,
Gata6,Actg2,,0.065334566
Gata6,Thbs1,,0.05956866
Gata6,Serpinb6b,,0.04911207
Gata6,Col3a1,,0.047249783
Bhlhe41,S100a4,0.04894107,
Bhlhe41,Lgals3,0.037235778,
Bhlhe41,Dbp,0.036568087,
Bhlhe41,Rarres2,,-0.047213145
Bhlhe41,Phlda3,,0.04111775
Bhlhe41,Fbln2,,0.040350128
Etv1,Tcap,0.048730645,0.043766145
Etv1,Gm13889,-0.042576086,-0.04325566
Etv1,Cd200,0.033351704,
Etv1,Scx,,-0.087967664
Etv1,Sost,,0.07841742
Etv1,Vcam1,,0.064789146
Etv1,Lum,,0.06325161
Etv1,Mgp,,0.059143405
Etv1,Fabp4,,0.05362963
Etv1,Postn,,-0.050193936
Etv1,Eln,,-0.04629539
Etv1,Mgst1,,0.045241885
Etv1,1110008P14Rik,,0.043577563
Etv1,Prdx5,,0.041239977
Mecp2,Rbp4,0.04786049,
Mecp2,Tnfrsf11b,,-0.09219477
Mecp2,Eln,,-0.08253757
Mecp2,Spp1,,0.07089176
Mecp2,Plpp3,,-0.060859293
Mecp2,Cxcl12,,-0.054354522
Mecp2,Fn1,,-0.04611663
Mecp2,Crlf1,,-0.045481946
Mecp2,Sh3bgr,,0.04339656
Mecp2,Mgp,,-0.042013608
Mecp2,Fgf2,,-0.041931517
Nkx3-1,Actg2,0.046851024,
Nkx3-1,Spp1,,-0.18729526
Nkx3-1,Clu,,-0.041868567
Mycn,Rbp4,-0.04654067,
Mycn,Col1a1,,-0.052310124
Mycn,Col3a1,,-0.048185337
Mycn,Eln,,-0.047791336
Mycn,Thbs1,,-0.043986104
Hif1a,Gstm1,-0.046540298,
Hif1a,Sost,-0.043384224,-0.05461702
Hif1a,Mt1,,0.14831953
Hif1a,Mt2,,0.11613189
Hif1a,Mif,,0.066569
Hif1a,Sdc4,,0.05721578
Hif1a,Clu,,0.056128293
Hif1a,Selp,,0.052998893
Hif1a,Col1a1,,0.051712323
Hif1a,Csrp1,,-0.046502337
Hif1a,Ckap4,,0.046104778
Hif1a,Fbln2,,0.044334695
Hif1a,Pgk1,,0.04390798
Hif1a,Gja1,,0.043549236
Hif1a,Ace,,-0.042131156
Hif1a,Ctsl,,0.041584287
Foxq1,Des,-0.045447633,
Foxq1,Spp1,,0.0995254
Foxq1,Cxcl12,,0.06600628
Foxq1,Eln,,0.04740268
Foxq1,Sncg,,-0.04171409
Foxq1,Smoc2,,0.04142159
Egr3,Gm13889,-0.04498054,
Egr3,Mgp,0.04204771,
Egr3,Igfbp4,0.041847497,
Egr3,Meg3,0.038500674,
Egr3,Hspa1a,-0.03703302,
Egr3,Cxcl12,,-0.08050812
Egr3,Gpx7,,-0.06431675
Egr3,Mt1,,0.055970646
Egr3,Tmsb10,,-0.05211049
Egr3,Esd,,-0.051057424
Egr3,Tnc,,-0.049932893
Egr3,Ppp1r14a,,-0.049003866
Egr3,Ckb,,-0.04892249
Egr3,Actg2,,-0.047277294
Egr3,Tuba1a,,-0.044877917
Egr3,Tpm4,,-0.044614997
Egr3,Id3,,-0.043733794
Egr3,Cryab,,-0.043589942
Egr3,Lmcd1,,-0.04358969
Egr3,Prdx5,,-0.04248958
Stat3,Rbp4,0.044571824,-0.05764314
Stat3,Des,-0.044053268,
Stat3,Serpinb6b,0.039821688,
Stat3,Rrad,-0.038884204,
Stat3,Spp1,,-0.098441206
Stat3,Esm1,,-0.08003273
Stat3,Cxcl12,,0.06574244
Stat3,Scx,,0.048755027
Stat3,Smoc2,,0.042376988
Stat3,Lox,,0.041351974
Arid5a,Eln,,-0.05494165
Nr3c2,Mustn1,-0.043700673,-0.057013746
Nr3c2,Tcap,0.03794121,
Nr3c2,Wif1,0.03789822,
Nr3c2,Mgp,,-0.13447362
Nr3c2,Eln,,-0.08855265
Nr3c2,Cp,,-0.08592142
Nr3c2,Cxcl12,,-0.08475241
Nr3c2,Vcam1,,-0.07483288
Nr3c2,Lcn2,,-0.06963537
Nr3c2,Pi15,,-0.057459544
Nr3c2,Thbs1,,-0.05578992
Nr3c2,Lox,,-0.05296347
Nr3c2,Ctsh,,-0.047703095
Nr3c2,Fbxl22,,0.043425985
Nr3c2,Fbln2,,-0.042616554
Nr3c2,Hspa1a,,0.04133226
Foxp1,Arid5b,0.04367955,
Foxp1,Tubb4b,-0.03652335,
Foxp1,Rrad,0.036356937,
Foxp1,Plod2,0.036194485,
Foxp1,Tuba1a,-0.034635615,
Foxp1,Postn,0.033647332,
Foxp1,Serpine1,,0.08378134
Foxp1,Tpm4,,0.07156151
Foxp1,Gja1,,0.070899285
Foxp1,Bax,,0.060259834
Foxp1,Col5a2,,0.053691708
Foxp1,Serpinb6b,,0.051725443
Foxp1,Col5a1,,0.049738344
Foxp1,Cd44,,0.048945334
Foxp1,Sost,,0.04551644
Foxp1,Ptgs2,,0.04547833
Foxp1,Myh10,,0.043850154
Nkx6-1,Mfap4,-0.041023884,
Nkx6-1,Fabp4,,0.06785722
Nkx6-1,Vcam1,,-0.06722911
Nkx6-1,Actg2,,0.06441857
Nkx6-1,Postn,,0.044659156
Nkx6-1,Sparcl1,,0.040561415
Tbx20,Apoe,0.04257177,
Tbx20,Mfap4,0.041694928,
Tbx20,Fbxl22,0.03472211,
Tbx20,Eln,,0.06569418
Tbx20,Lox,,0.05763647
Tbx20,Actg2,,0.05295595
Tbx20,Col1a2,,0.047080442
Ikzf4,Rgs5,0.040578987,
Ikzf4,Cxcl12,,0.07131454
Ikzf4,Clu,,0.05209659
Ikzf4,Eln,,0.051628873
Arid3b,Tcap,0.040397972,
Arid3b,Lum,,0.05317251
Tcf7l1,Fbxl22,0.04000782,
Tcf7l1,Col15a1,0.03377569,
Ets2,Mgp,0.039686397,0.044081196
Ets2,Actg2,0.036982346,
Ets2,Rbp4,-0.035731457,
Ets2,Itih4,0.034740396,
Ets2,Lcn2,,0.10930141
Ets2,Eln,,-0.08255424
Ets2,Col1a1,,-0.08036346
Ets2,Mt1,,0.06218923
Ets2,Lum,,0.06016585
Ets2,Lox,,-0.04747101
Ets2,Col3a1,,-0.042325202
Ets2,Fn1,,-0.041436523
Ezh2,Rrad,0.039246637,
Ezh2,Fosb,-0.03803168,
Ezh2,Actg2,0.033710517,0.07895986
Ezh2,Malat1,,-0.056092754
Ezh2,Lmcd1,,-0.048970822
Ezh2,Cks1b,,0.048014823
Ezh2,Pgk1,,0.043849573
Erg,2210407C18Rik,0.038943507,0.072183035
Erg,Ckb,-0.03811968,
Erg,Actg2,-0.03448923,-0.045156
Erg,Itih4,0.03310689,
Erg,Mfap4,,0.069174595
Erg,Col15a1,,0.06064086
Erg,Col3a1,,0.052443292
Erg,Postn,,0.05078353
Erg,Nupr1,,0.047929544
Erg,Bax,,-0.047758374
Erg,Tpm4,,-0.04038261
Sox9,Igfbp4,0.038870428,
Sox9,Mustn1,0.03679601,
Sox9,Vcam1,,0.11187041
Sox9,Spp1,,-0.08408226
Sox9,Clu,,-0.082600184
Sox9,Fn1,,0.07920048
Sox9,Lmcd1,,-0.06836716
Sox9,Tmsb10,,0.06724014
Sox9,Pi15,,0.059201885
Sox9,Myl9,,-0.058299012
Sox9,Myh11,,-0.05784282
Sox9,Ppp1r14b,,0.057315968
Sox9,Malat1,,-0.051443342
Sox9,S100a10,,0.05011112
Sox9,Mfap4,,-0.04861304
Sox9,Nhp2,,0.045039523
Sox9,Serpinb6b,,-0.041903406
Rad21,Igfbp4,-0.03871707,
Rad21,Mfap4,-0.033389892,
Rad21,Clu,,-0.07053268
Rad21,Eln,,-0.0703691
Rad21,Cenpa,,0.05944386
Rad21,Ube2s,,0.05839806
Rad21,Lcn2,,-0.057495687
Rad21,Stmn1,,0.051508915
Rad21,Tmem176b,,-0.050155476
Rad21,Gas6,,-0.049511828
Rad21,Scx,,-0.049112603
Rad21,Acan,,0.044951785
Rad21,Col1a1,,-0.042539112
Rad21,Cks2,,0.042125016
Rad21,Tmem176a,,-0.041886277
Rad21,Tpx2,,0.041291796
Rad21,Tubb4b,,0.041120697
Patz1,Rbp4,0.038550455,
Patz1,Tcap,-0.034283936,
Patz1,Smoc2,,-0.05699885
Patz1,Cfh,,0.0487153
Chd2,Rbp4,0.03773433,
Chd2,Eln,,-0.041537717
Nr2f1,Tcap,-0.03725632,
Nr2f1,Eln,,-0.046678506
Nfil3,Mgp,-0.0365369,-0.1268967
Nfil3,Msrb1,,0.06825979
Ddit3,Rbp4,0.036473203,
Ddit3,Col3a1,,-0.05585394
Herpud1,Hspa5,,0.05402003
Sox4,Meg3,0.035039935,
Sox4,Thbs1,,0.06648486
Sox4,Crip1,,-0.04505855
Sox4,Vcam1,,0.040462043
Mecom,Rgs5,0.0349461,
Mecom,Crlf1,,-0.041724406
Mecom,Lox,,0.040660813
Hivep2,Gadd45g,0.03439327,
Hivep2,Lcn2,,0.11959334
Hivep2,Eln,,-0.05356354
Hivep2,Sncg,,-0.041526064
Plagl1,Tcap,-0.033228133,
Plagl1,Mylk4,,0.059832778
Plagl1,Smoc2,,0.04451733
Plagl1,Crip1,,-0.042671297
Ybx2,Spp1,,0.37493256
Ybx2,Myl9,,-0.04281476
Ybx2,1110008P14Rik,,0.04108448
Ybx2,Malat1,,-0.040475376
Tef,Spp1,,-0.21740478
Tef,Clu,,-0.06951828
Tef,Timp1,,-0.057831924
Tef,Thbs1,,-0.04802615
Maf,Spp1,,0.18013972
Maf,Esm1,,-0.087860376
Maf,Tuba1a,,-0.057752866
Maf,Tmem176b,,0.053456154
Maf,Clu,,0.04698877
Maf,Gas6,,0.046332184
Maf,Mgp,,-0.045651015
Maf,Tmem176a,,0.043731
Maf,S100a4,,-0.04330644
Maf,Thbs1,,-0.04138357
Zbtb16,Tnfrsf11b,,-0.17872398
Zbtb16,Actg2,,0.111809865
Zbtb16,Sost,,0.0844432
Zbtb16,Lgals3,,-0.064643905
Zbtb16,Sncg,,-0.05303033
Zbtb16,Myh11,,0.048079778
Zbtb16,Myh10,,0.0428934
Zbtb16,Malat1,,-0.042298596
Zbtb16,Nupr1,,-0.04181209
Foxj3,Spp1,,-0.16948634
Ppargc1a,Mylk4,,0.114864804
Mafb,Spp1,,0.11209186
Mafb,Vcam1,,-0.04574477
Mafb,Scx,,0.041313868
Mafb,S100a10,,-0.040723395
Mafb,Mfap4,,0.040493317
Bcl6,Spp1,,-0.10153826
Ar,Cxcl12,,-0.08009132
Ar,Smoc2,,-0.062265627
Ar,Actg2,,-0.058765206
Ar,Sncg,,0.05780363
Ar,Mgp,,0.054377105
Ar,Thbs1,,-0.053002976
Hlf,Actg2,,0.07922303
Hlf,Msrb1,,0.055483434
Hlf,Mfap4,,0.046908952
Hlf,Clu,,0.04053203
Meis1,Actg2,,0.0764014
Egr4,Lcn2,,0.073213086
Egr4,Cxcl12,,0.050229397
Egr4,Lum,,0.048292864
Egr4,Fbln2,,0.045841396
Egr4,Timp1,,0.044547312
Egr4,Tmsb10,,0.042777576
Pgr,Cxcl12,,-0.06975348
Pgr,Fmo3,,0.06113264
Pgr,Mgp,,-0.059766915
Pgr,Sost,,0.04445883
Pgr,Sncg,,-0.042116918
Cux2,Mylk4,,0.067911536
Irf7,Mylk4,,-0.066045955
Irf7,Spp1,,-0.047151297
Runx2,Spp1,,0.061224304
Runx2,Mgp,,0.040842056
Irf9,Spp1,,0.057464108
Irf9,Lcn2,,-0.04903316
Mef2b,Spp1,,0.056508183
Rfx2,Lcn2,,-0.055936884
Rfx2,Crip1,,0.042001255
Eomes,Mfap4,,0.05209117
Eomes,Clu,,0.049859986
Eomes,Tmem176b,,0.040906332
Gata3,Timp1,,0.051338896
Gata3,Thbs1,,0.04071956
Fli1,Esm1,,-0.046910584
Fli1,Crlf1,,-0.046214044
Gli1,Crlf1,,-0.046794765
Stat2,Spp1,,-0.046083104
Sp7,Timp1,,0.04167643
Pax2,Ube2s,,-0.041622147
Pou5f1,Sost,,0.040245928
